tempo_key,data,hora,ano,mes,nome_mes,trimestre,dia_mes,dia_semana_num,nome_dia_semana,fim_de_semana,periodo_dia
2023010107,2023-01-01,7,2023,1,Janeiro,1,1,7,Domingo,True,Manha
2023010108,2023-01-01,8,2023,1,Janeiro,1,1,7,Domingo,True,Manha
2023010109,2023-01-01,9,2023,1,Janeiro,1,1,7,Domingo,True,Manha
2023010110,2023-01-01,10,2023,1,Janeiro,1,1,7,Domingo,True,Manha
2023010111,2023-01-01,11,2023,1,Janeiro,1,1,7,Domingo,True,Almoco
2023010112,2023-01-01,12,2023,1,Janeiro,1,1,7,Domingo,True,Almoco
2023010113,2023-01-01,13,2023,1,Janeiro,1,1,7,Domingo,True,Almoco
2023010114,2023-01-01,14,2023,1,Janeiro,1,1,7,Domingo,True,Almoco
2023010115,2023-01-01,15,2023,1,Janeiro,1,1,7,Domingo,True,Tarde
2023010116,2023-01-01,16,2023,1,Janeiro,1,1,7,Domingo,True,Tarde
2023010117,2023-01-01,17,2023,1,Janeiro,1,1,7,Domingo,True,Tarde
2023010118,2023-01-01,18,2023,1,Janeiro,1,1,7,Domingo,True,Tarde
2023010119,2023-01-01,19,2023,1,Janeiro,1,1,7,Domingo,True,Noite
2023010207,2023-01-02,7,2023,1,Janeiro,1,2,1,Segunda-feira,False,Manha
2023010208,2023-01-02,8,2023,1,Janeiro,1,2,1,Segunda-feira,False,Manha
2023010209,2023-01-02,9,2023,1,Janeiro,1,2,1,Segunda-feira,False,Manha
2023010210,2023-01-02,10,2023,1,Janeiro,1,2,1,Segunda-feira,False,Manha
2023010211,2023-01-02,11,2023,1,Janeiro,1,2,1,Segunda-feira,False,Almoco
2023010212,2023-01-02,12,2023,1,Janeiro,1,2,1,Segunda-feira,False,Almoco
2023010213,2023-01-02,13,2023,1,Janeiro,1,2,1,Segunda-feira,False,Almoco
2023010214,2023-01-02,14,2023,1,Janeiro,1,2,1,Segunda-feira,False,Almoco
2023010215,2023-01-02,15,2023,1,Janeiro,1,2,1,Segunda-feira,False,Tarde
2023010216,2023-01-02,16,2023,1,Janeiro,1,2,1,Segunda-feira,False,Tarde
2023010217,2023-01-02,17,2023,1,Janeiro,1,2,1,Segunda-feira,False,Tarde
2023010218,2023-01-02,18,2023,1,Janeiro,1,2,1,Segunda-feira,False,Tarde
2023010219,2023-01-02,19,2023,1,Janeiro,1,2,1,Segunda-feira,False,Noite
2023010307,2023-01-03,7,2023,1,Janeiro,1,3,2,Terca-feira,False,Manha
2023010308,2023-01-03,8,2023,1,Janeiro,1,3,2,Terca-feira,False,Manha
2023010309,2023-01-03,9,2023,1,Janeiro,1,3,2,Terca-feira,False,Manha
2023010310,2023-01-03,10,2023,1,Janeiro,1,3,2,Terca-feira,False,Manha
2023010311,2023-01-03,11,2023,1,Janeiro,1,3,2,Terca-feira,False,Almoco
2023010312,2023-01-03,12,2023,1,Janeiro,1,3,2,Terca-feira,False,Almoco
2023010313,2023-01-03,13,2023,1,Janeiro,1,3,2,Terca-feira,False,Almoco
2023010314,2023-01-03,14,2023,1,Janeiro,1,3,2,Terca-feira,False,Almoco
2023010315,2023-01-03,15,2023,1,Janeiro,1,3,2,Terca-feira,False,Tarde
2023010316,2023-01-03,16,2023,1,Janeiro,1,3,2,Terca-feira,False,Tarde
2023010317,2023-01-03,17,2023,1,Janeiro,1,3,2,Terca-feira,False,Tarde
2023010318,2023-01-03,18,2023,1,Janeiro,1,3,2,Terca-feira,False,Tarde
2023010319,2023-01-03,19,2023,1,Janeiro,1,3,2,Terca-feira,False,Noite
2023010407,2023-01-04,7,2023,1,Janeiro,1,4,3,Quarta-feira,False,Manha
2023010408,2023-01-04,8,2023,1,Janeiro,1,4,3,Quarta-feira,False,Manha
2023010409,2023-01-04,9,2023,1,Janeiro,1,4,3,Quarta-feira,False,Manha
2023010410,2023-01-04,10,2023,1,Janeiro,1,4,3,Quarta-feira,False,Manha
2023010411,2023-01-04,11,2023,1,Janeiro,1,4,3,Quarta-feira,False,Almoco
2023010412,2023-01-04,12,2023,1,Janeiro,1,4,3,Quarta-feira,False,Almoco
2023010413,2023-01-04,13,2023,1,Janeiro,1,4,3,Quarta-feira,False,Almoco
2023010414,2023-01-04,14,2023,1,Janeiro,1,4,3,Quarta-feira,False,Almoco
2023010415,2023-01-04,15,2023,1,Janeiro,1,4,3,Quarta-feira,False,Tarde
2023010416,2023-01-04,16,2023,1,Janeiro,1,4,3,Quarta-feira,False,Tarde
2023010417,2023-01-04,17,2023,1,Janeiro,1,4,3,Quarta-feira,False,Tarde
2023010418,2023-01-04,18,2023,1,Janeiro,1,4,3,Quarta-feira,False,Tarde
2023010419,2023-01-04,19,2023,1,Janeiro,1,4,3,Quarta-feira,False,Noite
2023010507,2023-01-05,7,2023,1,Janeiro,1,5,4,Quinta-feira,False,Manha
2023010508,2023-01-05,8,2023,1,Janeiro,1,5,4,Quinta-feira,False,Manha
2023010509,2023-01-05,9,2023,1,Janeiro,1,5,4,Quinta-feira,False,Manha
2023010510,2023-01-05,10,2023,1,Janeiro,1,5,4,Quinta-feira,False,Manha
2023010511,2023-01-05,11,2023,1,Janeiro,1,5,4,Quinta-feira,False,Almoco
2023010512,2023-01-05,12,2023,1,Janeiro,1,5,4,Quinta-feira,False,Almoco
2023010513,2023-01-05,13,2023,1,Janeiro,1,5,4,Quinta-feira,False,Almoco
2023010514,2023-01-05,14,2023,1,Janeiro,1,5,4,Quinta-feira,False,Almoco
2023010515,2023-01-05,15,2023,1,Janeiro,1,5,4,Quinta-feira,False,Tarde
2023010516,2023-01-05,16,2023,1,Janeiro,1,5,4,Quinta-feira,False,Tarde
2023010517,2023-01-05,17,2023,1,Janeiro,1,5,4,Quinta-feira,False,Tarde
2023010518,2023-01-05,18,2023,1,Janeiro,1,5,4,Quinta-feira,False,Tarde
2023010519,2023-01-05,19,2023,1,Janeiro,1,5,4,Quinta-feira,False,Noite
2023010607,2023-01-06,7,2023,1,Janeiro,1,6,5,Sexta-feira,False,Manha
2023010608,2023-01-06,8,2023,1,Janeiro,1,6,5,Sexta-feira,False,Manha
2023010609,2023-01-06,9,2023,1,Janeiro,1,6,5,Sexta-feira,False,Manha
2023010610,2023-01-06,10,2023,1,Janeiro,1,6,5,Sexta-feira,False,Manha
2023010611,2023-01-06,11,2023,1,Janeiro,1,6,5,Sexta-feira,False,Almoco
2023010612,2023-01-06,12,2023,1,Janeiro,1,6,5,Sexta-feira,False,Almoco
2023010613,2023-01-06,13,2023,1,Janeiro,1,6,5,Sexta-feira,False,Almoco
2023010614,2023-01-06,14,2023,1,Janeiro,1,6,5,Sexta-feira,False,Almoco
2023010615,2023-01-06,15,2023,1,Janeiro,1,6,5,Sexta-feira,False,Tarde
2023010616,2023-01-06,16,2023,1,Janeiro,1,6,5,Sexta-feira,False,Tarde
2023010617,2023-01-06,17,2023,1,Janeiro,1,6,5,Sexta-feira,False,Tarde
2023010618,2023-01-06,18,2023,1,Janeiro,1,6,5,Sexta-feira,False,Tarde
2023010619,2023-01-06,19,2023,1,Janeiro,1,6,5,Sexta-feira,False,Noite
2023010706,2023-01-07,6,2023,1,Janeiro,1,7,6,Sabado,True,Manha
2023010707,2023-01-07,7,2023,1,Janeiro,1,7,6,Sabado,True,Manha
2023010708,2023-01-07,8,2023,1,Janeiro,1,7,6,Sabado,True,Manha
2023010709,2023-01-07,9,2023,1,Janeiro,1,7,6,Sabado,True,Manha
2023010710,2023-01-07,10,2023,1,Janeiro,1,7,6,Sabado,True,Manha
2023010711,2023-01-07,11,2023,1,Janeiro,1,7,6,Sabado,True,Almoco
2023010712,2023-01-07,12,2023,1,Janeiro,1,7,6,Sabado,True,Almoco
2023010713,2023-01-07,13,2023,1,Janeiro,1,7,6,Sabado,True,Almoco
2023010714,2023-01-07,14,2023,1,Janeiro,1,7,6,Sabado,True,Almoco
2023010715,2023-01-07,15,2023,1,Janeiro,1,7,6,Sabado,True,Tarde
2023010716,2023-01-07,16,2023,1,Janeiro,1,7,6,Sabado,True,Tarde
2023010717,2023-01-07,17,2023,1,Janeiro,1,7,6,Sabado,True,Tarde
2023010718,2023-01-07,18,2023,1,Janeiro,1,7,6,Sabado,True,Tarde
2023010719,2023-01-07,19,2023,1,Janeiro,1,7,6,Sabado,True,Noite
2023010720,2023-01-07,20,2023,1,Janeiro,1,7,6,Sabado,True,Noite
2023010806,2023-01-08,6,2023,1,Janeiro,1,8,7,Domingo,True,Manha
2023010807,2023-01-08,7,2023,1,Janeiro,1,8,7,Domingo,True,Manha
2023010808,2023-01-08,8,2023,1,Janeiro,1,8,7,Domingo,True,Manha
2023010809,2023-01-08,9,2023,1,Janeiro,1,8,7,Domingo,True,Manha
2023010810,2023-01-08,10,2023,1,Janeiro,1,8,7,Domingo,True,Manha
2023010811,2023-01-08,11,2023,1,Janeiro,1,8,7,Domingo,True,Almoco
2023010812,2023-01-08,12,2023,1,Janeiro,1,8,7,Domingo,True,Almoco
2023010813,2023-01-08,13,2023,1,Janeiro,1,8,7,Domingo,True,Almoco
2023010814,2023-01-08,14,2023,1,Janeiro,1,8,7,Domingo,True,Almoco
2023010815,2023-01-08,15,2023,1,Janeiro,1,8,7,Domingo,True,Tarde
2023010816,2023-01-08,16,2023,1,Janeiro,1,8,7,Domingo,True,Tarde
2023010817,2023-01-08,17,2023,1,Janeiro,1,8,7,Domingo,True,Tarde
2023010818,2023-01-08,18,2023,1,Janeiro,1,8,7,Domingo,True,Tarde
2023010819,2023-01-08,19,2023,1,Janeiro,1,8,7,Domingo,True,Noite
2023010820,2023-01-08,20,2023,1,Janeiro,1,8,7,Domingo,True,Noite
2023010906,2023-01-09,6,2023,1,Janeiro,1,9,1,Segunda-feira,False,Manha
2023010907,2023-01-09,7,2023,1,Janeiro,1,9,1,Segunda-feira,False,Manha
2023010908,2023-01-09,8,2023,1,Janeiro,1,9,1,Segunda-feira,False,Manha
2023010909,2023-01-09,9,2023,1,Janeiro,1,9,1,Segunda-feira,False,Manha
2023010910,2023-01-09,10,2023,1,Janeiro,1,9,1,Segunda-feira,False,Manha
2023010911,2023-01-09,11,2023,1,Janeiro,1,9,1,Segunda-feira,False,Almoco
2023010912,2023-01-09,12,2023,1,Janeiro,1,9,1,Segunda-feira,False,Almoco
2023010913,2023-01-09,13,2023,1,Janeiro,1,9,1,Segunda-feira,False,Almoco
2023010914,2023-01-09,14,2023,1,Janeiro,1,9,1,Segunda-feira,False,Almoco
2023010915,2023-01-09,15,2023,1,Janeiro,1,9,1,Segunda-feira,False,Tarde
2023010916,2023-01-09,16,2023,1,Janeiro,1,9,1,Segunda-feira,False,Tarde
2023010917,2023-01-09,17,2023,1,Janeiro,1,9,1,Segunda-feira,False,Tarde
2023010918,2023-01-09,18,2023,1,Janeiro,1,9,1,Segunda-feira,False,Tarde
2023010919,2023-01-09,19,2023,1,Janeiro,1,9,1,Segunda-feira,False,Noite
2023010920,2023-01-09,20,2023,1,Janeiro,1,9,1,Segunda-feira,False,Noite
2023011006,2023-01-10,6,2023,1,Janeiro,1,10,2,Terca-feira,False,Manha
2023011007,2023-01-10,7,2023,1,Janeiro,1,10,2,Terca-feira,False,Manha
2023011008,2023-01-10,8,2023,1,Janeiro,1,10,2,Terca-feira,False,Manha
2023011009,2023-01-10,9,2023,1,Janeiro,1,10,2,Terca-feira,False,Manha
2023011010,2023-01-10,10,2023,1,Janeiro,1,10,2,Terca-feira,False,Manha
2023011011,2023-01-10,11,2023,1,Janeiro,1,10,2,Terca-feira,False,Almoco
2023011012,2023-01-10,12,2023,1,Janeiro,1,10,2,Terca-feira,False,Almoco
2023011013,2023-01-10,13,2023,1,Janeiro,1,10,2,Terca-feira,False,Almoco
2023011014,2023-01-10,14,2023,1,Janeiro,1,10,2,Terca-feira,False,Almoco
2023011015,2023-01-10,15,2023,1,Janeiro,1,10,2,Terca-feira,False,Tarde
2023011016,2023-01-10,16,2023,1,Janeiro,1,10,2,Terca-feira,False,Tarde
2023011017,2023-01-10,17,2023,1,Janeiro,1,10,2,Terca-feira,False,Tarde
2023011018,2023-01-10,18,2023,1,Janeiro,1,10,2,Terca-feira,False,Tarde
2023011019,2023-01-10,19,2023,1,Janeiro,1,10,2,Terca-feira,False,Noite
2023011106,2023-01-11,6,2023,1,Janeiro,1,11,3,Quarta-feira,False,Manha
2023011107,2023-01-11,7,2023,1,Janeiro,1,11,3,Quarta-feira,False,Manha
2023011108,2023-01-11,8,2023,1,Janeiro,1,11,3,Quarta-feira,False,Manha
2023011109,2023-01-11,9,2023,1,Janeiro,1,11,3,Quarta-feira,False,Manha
2023011110,2023-01-11,10,2023,1,Janeiro,1,11,3,Quarta-feira,False,Manha
2023011111,2023-01-11,11,2023,1,Janeiro,1,11,3,Quarta-feira,False,Almoco
2023011112,2023-01-11,12,2023,1,Janeiro,1,11,3,Quarta-feira,False,Almoco
2023011113,2023-01-11,13,2023,1,Janeiro,1,11,3,Quarta-feira,False,Almoco
2023011114,2023-01-11,14,2023,1,Janeiro,1,11,3,Quarta-feira,False,Almoco
2023011115,2023-01-11,15,2023,1,Janeiro,1,11,3,Quarta-feira,False,Tarde
2023011116,2023-01-11,16,2023,1,Janeiro,1,11,3,Quarta-feira,False,Tarde
2023011117,2023-01-11,17,2023,1,Janeiro,1,11,3,Quarta-feira,False,Tarde
2023011118,2023-01-11,18,2023,1,Janeiro,1,11,3,Quarta-feira,False,Tarde
2023011119,2023-01-11,19,2023,1,Janeiro,1,11,3,Quarta-feira,False,Noite
2023011206,2023-01-12,6,2023,1,Janeiro,1,12,4,Quinta-feira,False,Manha
2023011207,2023-01-12,7,2023,1,Janeiro,1,12,4,Quinta-feira,False,Manha
2023011208,2023-01-12,8,2023,1,Janeiro,1,12,4,Quinta-feira,False,Manha
2023011209,2023-01-12,9,2023,1,Janeiro,1,12,4,Quinta-feira,False,Manha
2023011210,2023-01-12,10,2023,1,Janeiro,1,12,4,Quinta-feira,False,Manha
2023011211,2023-01-12,11,2023,1,Janeiro,1,12,4,Quinta-feira,False,Almoco
2023011212,2023-01-12,12,2023,1,Janeiro,1,12,4,Quinta-feira,False,Almoco
2023011213,2023-01-12,13,2023,1,Janeiro,1,12,4,Quinta-feira,False,Almoco
2023011214,2023-01-12,14,2023,1,Janeiro,1,12,4,Quinta-feira,False,Almoco
2023011215,2023-01-12,15,2023,1,Janeiro,1,12,4,Quinta-feira,False,Tarde
2023011216,2023-01-12,16,2023,1,Janeiro,1,12,4,Quinta-feira,False,Tarde
2023011217,2023-01-12,17,2023,1,Janeiro,1,12,4,Quinta-feira,False,Tarde
2023011218,2023-01-12,18,2023,1,Janeiro,1,12,4,Quinta-feira,False,Tarde
2023011219,2023-01-12,19,2023,1,Janeiro,1,12,4,Quinta-feira,False,Noite
2023011307,2023-01-13,7,2023,1,Janeiro,1,13,5,Sexta-feira,False,Manha
2023011308,2023-01-13,8,2023,1,Janeiro,1,13,5,Sexta-feira,False,Manha
2023011309,2023-01-13,9,2023,1,Janeiro,1,13,5,Sexta-feira,False,Manha
2023011310,2023-01-13,10,2023,1,Janeiro,1,13,5,Sexta-feira,False,Manha
2023011311,2023-01-13,11,2023,1,Janeiro,1,13,5,Sexta-feira,False,Almoco
2023011312,2023-01-13,12,2023,1,Janeiro,1,13,5,Sexta-feira,False,Almoco
2023011313,2023-01-13,13,2023,1,Janeiro,1,13,5,Sexta-feira,False,Almoco
2023011314,2023-01-13,14,2023,1,Janeiro,1,13,5,Sexta-feira,False,Almoco
2023011315,2023-01-13,15,2023,1,Janeiro,1,13,5,Sexta-feira,False,Tarde
2023011316,2023-01-13,16,2023,1,Janeiro,1,13,5,Sexta-feira,False,Tarde
2023011317,2023-01-13,17,2023,1,Janeiro,1,13,5,Sexta-feira,False,Tarde
2023011318,2023-01-13,18,2023,1,Janeiro,1,13,5,Sexta-feira,False,Tarde
2023011319,2023-01-13,19,2023,1,Janeiro,1,13,5,Sexta-feira,False,Noite
2023011320,2023-01-13,20,2023,1,Janeiro,1,13,5,Sexta-feira,False,Noite
2023011407,2023-01-14,7,2023,1,Janeiro,1,14,6,Sabado,True,Manha
2023011408,2023-01-14,8,2023,1,Janeiro,1,14,6,Sabado,True,Manha
2023011409,2023-01-14,9,2023,1,Janeiro,1,14,6,Sabado,True,Manha
2023011410,2023-01-14,10,2023,1,Janeiro,1,14,6,Sabado,True,Manha
2023011411,2023-01-14,11,2023,1,Janeiro,1,14,6,Sabado,True,Almoco
2023011412,2023-01-14,12,2023,1,Janeiro,1,14,6,Sabado,True,Almoco
2023011413,2023-01-14,13,2023,1,Janeiro,1,14,6,Sabado,True,Almoco
2023011414,2023-01-14,14,2023,1,Janeiro,1,14,6,Sabado,True,Almoco
2023011415,2023-01-14,15,2023,1,Janeiro,1,14,6,Sabado,True,Tarde
2023011416,2023-01-14,16,2023,1,Janeiro,1,14,6,Sabado,True,Tarde
2023011417,2023-01-14,17,2023,1,Janeiro,1,14,6,Sabado,True,Tarde
2023011418,2023-01-14,18,2023,1,Janeiro,1,14,6,Sabado,True,Tarde
2023011419,2023-01-14,19,2023,1,Janeiro,1,14,6,Sabado,True,Noite
2023011420,2023-01-14,20,2023,1,Janeiro,1,14,6,Sabado,True,Noite
2023011506,2023-01-15,6,2023,1,Janeiro,1,15,7,Domingo,True,Manha
2023011507,2023-01-15,7,2023,1,Janeiro,1,15,7,Domingo,True,Manha
2023011508,2023-01-15,8,2023,1,Janeiro,1,15,7,Domingo,True,Manha
2023011509,2023-01-15,9,2023,1,Janeiro,1,15,7,Domingo,True,Manha
2023011510,2023-01-15,10,2023,1,Janeiro,1,15,7,Domingo,True,Manha
2023011511,2023-01-15,11,2023,1,Janeiro,1,15,7,Domingo,True,Almoco
2023011512,2023-01-15,12,2023,1,Janeiro,1,15,7,Domingo,True,Almoco
2023011513,2023-01-15,13,2023,1,Janeiro,1,15,7,Domingo,True,Almoco
2023011514,2023-01-15,14,2023,1,Janeiro,1,15,7,Domingo,True,Almoco
2023011515,2023-01-15,15,2023,1,Janeiro,1,15,7,Domingo,True,Tarde
2023011516,2023-01-15,16,2023,1,Janeiro,1,15,7,Domingo,True,Tarde
2023011517,2023-01-15,17,2023,1,Janeiro,1,15,7,Domingo,True,Tarde
2023011518,2023-01-15,18,2023,1,Janeiro,1,15,7,Domingo,True,Tarde
2023011519,2023-01-15,19,2023,1,Janeiro,1,15,7,Domingo,True,Noite
2023011606,2023-01-16,6,2023,1,Janeiro,1,16,1,Segunda-feira,False,Manha
2023011607,2023-01-16,7,2023,1,Janeiro,1,16,1,Segunda-feira,False,Manha
2023011608,2023-01-16,8,2023,1,Janeiro,1,16,1,Segunda-feira,False,Manha
2023011609,2023-01-16,9,2023,1,Janeiro,1,16,1,Segunda-feira,False,Manha
2023011610,2023-01-16,10,2023,1,Janeiro,1,16,1,Segunda-feira,False,Manha
2023011611,2023-01-16,11,2023,1,Janeiro,1,16,1,Segunda-feira,False,Almoco
2023011612,2023-01-16,12,2023,1,Janeiro,1,16,1,Segunda-feira,False,Almoco
2023011613,2023-01-16,13,2023,1,Janeiro,1,16,1,Segunda-feira,False,Almoco
2023011614,2023-01-16,14,2023,1,Janeiro,1,16,1,Segunda-feira,False,Almoco
2023011615,2023-01-16,15,2023,1,Janeiro,1,16,1,Segunda-feira,False,Tarde
2023011616,2023-01-16,16,2023,1,Janeiro,1,16,1,Segunda-feira,False,Tarde
2023011617,2023-01-16,17,2023,1,Janeiro,1,16,1,Segunda-feira,False,Tarde
2023011618,2023-01-16,18,2023,1,Janeiro,1,16,1,Segunda-feira,False,Tarde
2023011619,2023-01-16,19,2023,1,Janeiro,1,16,1,Segunda-feira,False,Noite
2023011706,2023-01-17,6,2023,1,Janeiro,1,17,2,Terca-feira,False,Manha
2023011707,2023-01-17,7,2023,1,Janeiro,1,17,2,Terca-feira,False,Manha
2023011708,2023-01-17,8,2023,1,Janeiro,1,17,2,Terca-feira,False,Manha
2023011709,2023-01-17,9,2023,1,Janeiro,1,17,2,Terca-feira,False,Manha
2023011710,2023-01-17,10,2023,1,Janeiro,1,17,2,Terca-feira,False,Manha
2023011711,2023-01-17,11,2023,1,Janeiro,1,17,2,Terca-feira,False,Almoco
2023011712,2023-01-17,12,2023,1,Janeiro,1,17,2,Terca-feira,False,Almoco
2023011713,2023-01-17,13,2023,1,Janeiro,1,17,2,Terca-feira,False,Almoco
2023011714,2023-01-17,14,2023,1,Janeiro,1,17,2,Terca-feira,False,Almoco
2023011715,2023-01-17,15,2023,1,Janeiro,1,17,2,Terca-feira,False,Tarde
2023011716,2023-01-17,16,2023,1,Janeiro,1,17,2,Terca-feira,False,Tarde
2023011717,2023-01-17,17,2023,1,Janeiro,1,17,2,Terca-feira,False,Tarde
2023011718,2023-01-17,18,2023,1,Janeiro,1,17,2,Terca-feira,False,Tarde
2023011719,2023-01-17,19,2023,1,Janeiro,1,17,2,Terca-feira,False,Noite
2023011806,2023-01-18,6,2023,1,Janeiro,1,18,3,Quarta-feira,False,Manha
2023011807,2023-01-18,7,2023,1,Janeiro,1,18,3,Quarta-feira,False,Manha
2023011808,2023-01-18,8,2023,1,Janeiro,1,18,3,Quarta-feira,False,Manha
2023011809,2023-01-18,9,2023,1,Janeiro,1,18,3,Quarta-feira,False,Manha
2023011810,2023-01-18,10,2023,1,Janeiro,1,18,3,Quarta-feira,False,Manha
2023011811,2023-01-18,11,2023,1,Janeiro,1,18,3,Quarta-feira,False,Almoco
2023011812,2023-01-18,12,2023,1,Janeiro,1,18,3,Quarta-feira,False,Almoco
2023011813,2023-01-18,13,2023,1,Janeiro,1,18,3,Quarta-feira,False,Almoco
2023011814,2023-01-18,14,2023,1,Janeiro,1,18,3,Quarta-feira,False,Almoco
2023011815,2023-01-18,15,2023,1,Janeiro,1,18,3,Quarta-feira,False,Tarde
2023011816,2023-01-18,16,2023,1,Janeiro,1,18,3,Quarta-feira,False,Tarde
2023011817,2023-01-18,17,2023,1,Janeiro,1,18,3,Quarta-feira,False,Tarde
2023011818,2023-01-18,18,2023,1,Janeiro,1,18,3,Quarta-feira,False,Tarde
2023011819,2023-01-18,19,2023,1,Janeiro,1,18,3,Quarta-feira,False,Noite
2023011906,2023-01-19,6,2023,1,Janeiro,1,19,4,Quinta-feira,False,Manha
2023011907,2023-01-19,7,2023,1,Janeiro,1,19,4,Quinta-feira,False,Manha
2023011908,2023-01-19,8,2023,1,Janeiro,1,19,4,Quinta-feira,False,Manha
2023011909,2023-01-19,9,2023,1,Janeiro,1,19,4,Quinta-feira,False,Manha
2023011910,2023-01-19,10,2023,1,Janeiro,1,19,4,Quinta-feira,False,Manha
2023011911,2023-01-19,11,2023,1,Janeiro,1,19,4,Quinta-feira,False,Almoco
2023011912,2023-01-19,12,2023,1,Janeiro,1,19,4,Quinta-feira,False,Almoco
2023011913,2023-01-19,13,2023,1,Janeiro,1,19,4,Quinta-feira,False,Almoco
2023011914,2023-01-19,14,2023,1,Janeiro,1,19,4,Quinta-feira,False,Almoco
2023011915,2023-01-19,15,2023,1,Janeiro,1,19,4,Quinta-feira,False,Tarde
2023011916,2023-01-19,16,2023,1,Janeiro,1,19,4,Quinta-feira,False,Tarde
2023011917,2023-01-19,17,2023,1,Janeiro,1,19,4,Quinta-feira,False,Tarde
2023011918,2023-01-19,18,2023,1,Janeiro,1,19,4,Quinta-feira,False,Tarde
2023011919,2023-01-19,19,2023,1,Janeiro,1,19,4,Quinta-feira,False,Noite
2023012007,2023-01-20,7,2023,1,Janeiro,1,20,5,Sexta-feira,False,Manha
2023012008,2023-01-20,8,2023,1,Janeiro,1,20,5,Sexta-feira,False,Manha
2023012009,2023-01-20,9,2023,1,Janeiro,1,20,5,Sexta-feira,False,Manha
2023012010,2023-01-20,10,2023,1,Janeiro,1,20,5,Sexta-feira,False,Manha
2023012011,2023-01-20,11,2023,1,Janeiro,1,20,5,Sexta-feira,False,Almoco
2023012012,2023-01-20,12,2023,1,Janeiro,1,20,5,Sexta-feira,False,Almoco
2023012013,2023-01-20,13,2023,1,Janeiro,1,20,5,Sexta-feira,False,Almoco
2023012014,2023-01-20,14,2023,1,Janeiro,1,20,5,Sexta-feira,False,Almoco
2023012015,2023-01-20,15,2023,1,Janeiro,1,20,5,Sexta-feira,False,Tarde
2023012016,2023-01-20,16,2023,1,Janeiro,1,20,5,Sexta-feira,False,Tarde
2023012017,2023-01-20,17,2023,1,Janeiro,1,20,5,Sexta-feira,False,Tarde
2023012018,2023-01-20,18,2023,1,Janeiro,1,20,5,Sexta-feira,False,Tarde
2023012019,2023-01-20,19,2023,1,Janeiro,1,20,5,Sexta-feira,False,Noite
2023012020,2023-01-20,20,2023,1,Janeiro,1,20,5,Sexta-feira,False,Noite
2023012107,2023-01-21,7,2023,1,Janeiro,1,21,6,Sabado,True,Manha
2023012108,2023-01-21,8,2023,1,Janeiro,1,21,6,Sabado,True,Manha
2023012109,2023-01-21,9,2023,1,Janeiro,1,21,6,Sabado,True,Manha
2023012110,2023-01-21,10,2023,1,Janeiro,1,21,6,Sabado,True,Manha
2023012111,2023-01-21,11,2023,1,Janeiro,1,21,6,Sabado,True,Almoco
2023012112,2023-01-21,12,2023,1,Janeiro,1,21,6,Sabado,True,Almoco
2023012113,2023-01-21,13,2023,1,Janeiro,1,21,6,Sabado,True,Almoco
2023012114,2023-01-21,14,2023,1,Janeiro,1,21,6,Sabado,True,Almoco
2023012115,2023-01-21,15,2023,1,Janeiro,1,21,6,Sabado,True,Tarde
2023012116,2023-01-21,16,2023,1,Janeiro,1,21,6,Sabado,True,Tarde
2023012117,2023-01-21,17,2023,1,Janeiro,1,21,6,Sabado,True,Tarde
2023012118,2023-01-21,18,2023,1,Janeiro,1,21,6,Sabado,True,Tarde
2023012119,2023-01-21,19,2023,1,Janeiro,1,21,6,Sabado,True,Noite
2023012120,2023-01-21,20,2023,1,Janeiro,1,21,6,Sabado,True,Noite
2023012206,2023-01-22,6,2023,1,Janeiro,1,22,7,Domingo,True,Manha
2023012207,2023-01-22,7,2023,1,Janeiro,1,22,7,Domingo,True,Manha
2023012208,2023-01-22,8,2023,1,Janeiro,1,22,7,Domingo,True,Manha
2023012209,2023-01-22,9,2023,1,Janeiro,1,22,7,Domingo,True,Manha
2023012210,2023-01-22,10,2023,1,Janeiro,1,22,7,Domingo,True,Manha
2023012211,2023-01-22,11,2023,1,Janeiro,1,22,7,Domingo,True,Almoco
2023012212,2023-01-22,12,2023,1,Janeiro,1,22,7,Domingo,True,Almoco
2023012213,2023-01-22,13,2023,1,Janeiro,1,22,7,Domingo,True,Almoco
2023012214,2023-01-22,14,2023,1,Janeiro,1,22,7,Domingo,True,Almoco
2023012215,2023-01-22,15,2023,1,Janeiro,1,22,7,Domingo,True,Tarde
2023012216,2023-01-22,16,2023,1,Janeiro,1,22,7,Domingo,True,Tarde
2023012217,2023-01-22,17,2023,1,Janeiro,1,22,7,Domingo,True,Tarde
2023012218,2023-01-22,18,2023,1,Janeiro,1,22,7,Domingo,True,Tarde
2023012219,2023-01-22,19,2023,1,Janeiro,1,22,7,Domingo,True,Noite
2023012306,2023-01-23,6,2023,1,Janeiro,1,23,1,Segunda-feira,False,Manha
2023012307,2023-01-23,7,2023,1,Janeiro,1,23,1,Segunda-feira,False,Manha
2023012308,2023-01-23,8,2023,1,Janeiro,1,23,1,Segunda-feira,False,Manha
2023012309,2023-01-23,9,2023,1,Janeiro,1,23,1,Segunda-feira,False,Manha
2023012310,2023-01-23,10,2023,1,Janeiro,1,23,1,Segunda-feira,False,Manha
2023012311,2023-01-23,11,2023,1,Janeiro,1,23,1,Segunda-feira,False,Almoco
2023012312,2023-01-23,12,2023,1,Janeiro,1,23,1,Segunda-feira,False,Almoco
2023012313,2023-01-23,13,2023,1,Janeiro,1,23,1,Segunda-feira,False,Almoco
2023012314,2023-01-23,14,2023,1,Janeiro,1,23,1,Segunda-feira,False,Almoco
2023012315,2023-01-23,15,2023,1,Janeiro,1,23,1,Segunda-feira,False,Tarde
2023012316,2023-01-23,16,2023,1,Janeiro,1,23,1,Segunda-feira,False,Tarde
2023012317,2023-01-23,17,2023,1,Janeiro,1,23,1,Segunda-feira,False,Tarde
2023012318,2023-01-23,18,2023,1,Janeiro,1,23,1,Segunda-feira,False,Tarde
2023012319,2023-01-23,19,2023,1,Janeiro,1,23,1,Segunda-feira,False,Noite
2023012406,2023-01-24,6,2023,1,Janeiro,1,24,2,Terca-feira,False,Manha
2023012407,2023-01-24,7,2023,1,Janeiro,1,24,2,Terca-feira,False,Manha
2023012408,2023-01-24,8,2023,1,Janeiro,1,24,2,Terca-feira,False,Manha
2023012409,2023-01-24,9,2023,1,Janeiro,1,24,2,Terca-feira,False,Manha
2023012410,2023-01-24,10,2023,1,Janeiro,1,24,2,Terca-feira,False,Manha
2023012411,2023-01-24,11,2023,1,Janeiro,1,24,2,Terca-feira,False,Almoco
2023012412,2023-01-24,12,2023,1,Janeiro,1,24,2,Terca-feira,False,Almoco
2023012413,2023-01-24,13,2023,1,Janeiro,1,24,2,Terca-feira,False,Almoco
2023012414,2023-01-24,14,2023,1,Janeiro,1,24,2,Terca-feira,False,Almoco
2023012415,2023-01-24,15,2023,1,Janeiro,1,24,2,Terca-feira,False,Tarde
2023012416,2023-01-24,16,2023,1,Janeiro,1,24,2,Terca-feira,False,Tarde
2023012417,2023-01-24,17,2023,1,Janeiro,1,24,2,Terca-feira,False,Tarde
2023012418,2023-01-24,18,2023,1,Janeiro,1,24,2,Terca-feira,False,Tarde
2023012419,2023-01-24,19,2023,1,Janeiro,1,24,2,Terca-feira,False,Noite
2023012506,2023-01-25,6,2023,1,Janeiro,1,25,3,Quarta-feira,False,Manha
2023012507,2023-01-25,7,2023,1,Janeiro,1,25,3,Quarta-feira,False,Manha
2023012508,2023-01-25,8,2023,1,Janeiro,1,25,3,Quarta-feira,False,Manha
2023012509,2023-01-25,9,2023,1,Janeiro,1,25,3,Quarta-feira,False,Manha
2023012510,2023-01-25,10,2023,1,Janeiro,1,25,3,Quarta-feira,False,Manha
2023012511,2023-01-25,11,2023,1,Janeiro,1,25,3,Quarta-feira,False,Almoco
2023012512,2023-01-25,12,2023,1,Janeiro,1,25,3,Quarta-feira,False,Almoco
2023012513,2023-01-25,13,2023,1,Janeiro,1,25,3,Quarta-feira,False,Almoco
2023012514,2023-01-25,14,2023,1,Janeiro,1,25,3,Quarta-feira,False,Almoco
2023012515,2023-01-25,15,2023,1,Janeiro,1,25,3,Quarta-feira,False,Tarde
2023012516,2023-01-25,16,2023,1,Janeiro,1,25,3,Quarta-feira,False,Tarde
2023012517,2023-01-25,17,2023,1,Janeiro,1,25,3,Quarta-feira,False,Tarde
2023012518,2023-01-25,18,2023,1,Janeiro,1,25,3,Quarta-feira,False,Tarde
2023012519,2023-01-25,19,2023,1,Janeiro,1,25,3,Quarta-feira,False,Noite
2023012606,2023-01-26,6,2023,1,Janeiro,1,26,4,Quinta-feira,False,Manha
2023012607,2023-01-26,7,2023,1,Janeiro,1,26,4,Quinta-feira,False,Manha
2023012608,2023-01-26,8,2023,1,Janeiro,1,26,4,Quinta-feira,False,Manha
2023012609,2023-01-26,9,2023,1,Janeiro,1,26,4,Quinta-feira,False,Manha
2023012610,2023-01-26,10,2023,1,Janeiro,1,26,4,Quinta-feira,False,Manha
2023012611,2023-01-26,11,2023,1,Janeiro,1,26,4,Quinta-feira,False,Almoco
2023012612,2023-01-26,12,2023,1,Janeiro,1,26,4,Quinta-feira,False,Almoco
2023012613,2023-01-26,13,2023,1,Janeiro,1,26,4,Quinta-feira,False,Almoco
2023012614,2023-01-26,14,2023,1,Janeiro,1,26,4,Quinta-feira,False,Almoco
2023012615,2023-01-26,15,2023,1,Janeiro,1,26,4,Quinta-feira,False,Tarde
2023012616,2023-01-26,16,2023,1,Janeiro,1,26,4,Quinta-feira,False,Tarde
2023012617,2023-01-26,17,2023,1,Janeiro,1,26,4,Quinta-feira,False,Tarde
2023012618,2023-01-26,18,2023,1,Janeiro,1,26,4,Quinta-feira,False,Tarde
2023012619,2023-01-26,19,2023,1,Janeiro,1,26,4,Quinta-feira,False,Noite
2023012707,2023-01-27,7,2023,1,Janeiro,1,27,5,Sexta-feira,False,Manha
2023012708,2023-01-27,8,2023,1,Janeiro,1,27,5,Sexta-feira,False,Manha
2023012709,2023-01-27,9,2023,1,Janeiro,1,27,5,Sexta-feira,False,Manha
2023012710,2023-01-27,10,2023,1,Janeiro,1,27,5,Sexta-feira,False,Manha
2023012711,2023-01-27,11,2023,1,Janeiro,1,27,5,Sexta-feira,False,Almoco
2023012712,2023-01-27,12,2023,1,Janeiro,1,27,5,Sexta-feira,False,Almoco
2023012713,2023-01-27,13,2023,1,Janeiro,1,27,5,Sexta-feira,False,Almoco
2023012714,2023-01-27,14,2023,1,Janeiro,1,27,5,Sexta-feira,False,Almoco
2023012715,2023-01-27,15,2023,1,Janeiro,1,27,5,Sexta-feira,False,Tarde
2023012716,2023-01-27,16,2023,1,Janeiro,1,27,5,Sexta-feira,False,Tarde
2023012717,2023-01-27,17,2023,1,Janeiro,1,27,5,Sexta-feira,False,Tarde
2023012718,2023-01-27,18,2023,1,Janeiro,1,27,5,Sexta-feira,False,Tarde
2023012719,2023-01-27,19,2023,1,Janeiro,1,27,5,Sexta-feira,False,Noite
2023012720,2023-01-27,20,2023,1,Janeiro,1,27,5,Sexta-feira,False,Noite
2023012807,2023-01-28,7,2023,1,Janeiro,1,28,6,Sabado,True,Manha
2023012808,2023-01-28,8,2023,1,Janeiro,1,28,6,Sabado,True,Manha
2023012809,2023-01-28,9,2023,1,Janeiro,1,28,6,Sabado,True,Manha
2023012810,2023-01-28,10,2023,1,Janeiro,1,28,6,Sabado,True,Manha
2023012811,2023-01-28,11,2023,1,Janeiro,1,28,6,Sabado,True,Almoco
2023012812,2023-01-28,12,2023,1,Janeiro,1,28,6,Sabado,True,Almoco
2023012813,2023-01-28,13,2023,1,Janeiro,1,28,6,Sabado,True,Almoco
2023012814,2023-01-28,14,2023,1,Janeiro,1,28,6,Sabado,True,Almoco
2023012815,2023-01-28,15,2023,1,Janeiro,1,28,6,Sabado,True,Tarde
2023012816,2023-01-28,16,2023,1,Janeiro,1,28,6,Sabado,True,Tarde
2023012817,2023-01-28,17,2023,1,Janeiro,1,28,6,Sabado,True,Tarde
2023012818,2023-01-28,18,2023,1,Janeiro,1,28,6,Sabado,True,Tarde
2023012819,2023-01-28,19,2023,1,Janeiro,1,28,6,Sabado,True,Noite
2023012907,2023-01-29,7,2023,1,Janeiro,1,29,7,Domingo,True,Manha
2023012908,2023-01-29,8,2023,1,Janeiro,1,29,7,Domingo,True,Manha
2023012909,2023-01-29,9,2023,1,Janeiro,1,29,7,Domingo,True,Manha
2023012910,2023-01-29,10,2023,1,Janeiro,1,29,7,Domingo,True,Manha
2023012911,2023-01-29,11,2023,1,Janeiro,1,29,7,Domingo,True,Almoco
2023012912,2023-01-29,12,2023,1,Janeiro,1,29,7,Domingo,True,Almoco
2023012913,2023-01-29,13,2023,1,Janeiro,1,29,7,Domingo,True,Almoco
2023012914,2023-01-29,14,2023,1,Janeiro,1,29,7,Domingo,True,Almoco
2023012915,2023-01-29,15,2023,1,Janeiro,1,29,7,Domingo,True,Tarde
2023012916,2023-01-29,16,2023,1,Janeiro,1,29,7,Domingo,True,Tarde
2023012917,2023-01-29,17,2023,1,Janeiro,1,29,7,Domingo,True,Tarde
2023012918,2023-01-29,18,2023,1,Janeiro,1,29,7,Domingo,True,Tarde
2023012919,2023-01-29,19,2023,1,Janeiro,1,29,7,Domingo,True,Noite
2023013006,2023-01-30,6,2023,1,Janeiro,1,30,1,Segunda-feira,False,Manha
2023013007,2023-01-30,7,2023,1,Janeiro,1,30,1,Segunda-feira,False,Manha
2023013008,2023-01-30,8,2023,1,Janeiro,1,30,1,Segunda-feira,False,Manha
2023013009,2023-01-30,9,2023,1,Janeiro,1,30,1,Segunda-feira,False,Manha
2023013010,2023-01-30,10,2023,1,Janeiro,1,30,1,Segunda-feira,False,Manha
2023013011,2023-01-30,11,2023,1,Janeiro,1,30,1,Segunda-feira,False,Almoco
2023013012,2023-01-30,12,2023,1,Janeiro,1,30,1,Segunda-feira,False,Almoco
2023013013,2023-01-30,13,2023,1,Janeiro,1,30,1,Segunda-feira,False,Almoco
2023013014,2023-01-30,14,2023,1,Janeiro,1,30,1,Segunda-feira,False,Almoco
2023013015,2023-01-30,15,2023,1,Janeiro,1,30,1,Segunda-feira,False,Tarde
2023013016,2023-01-30,16,2023,1,Janeiro,1,30,1,Segunda-feira,False,Tarde
2023013017,2023-01-30,17,2023,1,Janeiro,1,30,1,Segunda-feira,False,Tarde
2023013018,2023-01-30,18,2023,1,Janeiro,1,30,1,Segunda-feira,False,Tarde
2023013019,2023-01-30,19,2023,1,Janeiro,1,30,1,Segunda-feira,False,Noite
2023013020,2023-01-30,20,2023,1,Janeiro,1,30,1,Segunda-feira,False,Noite
2023013106,2023-01-31,6,2023,1,Janeiro,1,31,2,Terca-feira,False,Manha
2023013107,2023-01-31,7,2023,1,Janeiro,1,31,2,Terca-feira,False,Manha
2023013108,2023-01-31,8,2023,1,Janeiro,1,31,2,Terca-feira,False,Manha
2023013109,2023-01-31,9,2023,1,Janeiro,1,31,2,Terca-feira,False,Manha
2023013110,2023-01-31,10,2023,1,Janeiro,1,31,2,Terca-feira,False,Manha
2023013111,2023-01-31,11,2023,1,Janeiro,1,31,2,Terca-feira,False,Almoco
2023013112,2023-01-31,12,2023,1,Janeiro,1,31,2,Terca-feira,False,Almoco
2023013113,2023-01-31,13,2023,1,Janeiro,1,31,2,Terca-feira,False,Almoco
2023013114,2023-01-31,14,2023,1,Janeiro,1,31,2,Terca-feira,False,Almoco
2023013115,2023-01-31,15,2023,1,Janeiro,1,31,2,Terca-feira,False,Tarde
2023013116,2023-01-31,16,2023,1,Janeiro,1,31,2,Terca-feira,False,Tarde
2023013117,2023-01-31,17,2023,1,Janeiro,1,31,2,Terca-feira,False,Tarde
2023013118,2023-01-31,18,2023,1,Janeiro,1,31,2,Terca-feira,False,Tarde
2023013119,2023-01-31,19,2023,1,Janeiro,1,31,2,Terca-feira,False,Noite
2023013120,2023-01-31,20,2023,1,Janeiro,1,31,2,Terca-feira,False,Noite
2023020107,2023-02-01,7,2023,2,Fevereiro,1,1,3,Quarta-feira,False,Manha
2023020108,2023-02-01,8,2023,2,Fevereiro,1,1,3,Quarta-feira,False,Manha
2023020109,2023-02-01,9,2023,2,Fevereiro,1,1,3,Quarta-feira,False,Manha
2023020110,2023-02-01,10,2023,2,Fevereiro,1,1,3,Quarta-feira,False,Manha
2023020111,2023-02-01,11,2023,2,Fevereiro,1,1,3,Quarta-feira,False,Almoco
2023020112,2023-02-01,12,2023,2,Fevereiro,1,1,3,Quarta-feira,False,Almoco
2023020113,2023-02-01,13,2023,2,Fevereiro,1,1,3,Quarta-feira,False,Almoco
2023020114,2023-02-01,14,2023,2,Fevereiro,1,1,3,Quarta-feira,False,Almoco
2023020115,2023-02-01,15,2023,2,Fevereiro,1,1,3,Quarta-feira,False,Tarde
2023020116,2023-02-01,16,2023,2,Fevereiro,1,1,3,Quarta-feira,False,Tarde
2023020117,2023-02-01,17,2023,2,Fevereiro,1,1,3,Quarta-feira,False,Tarde
2023020118,2023-02-01,18,2023,2,Fevereiro,1,1,3,Quarta-feira,False,Tarde
2023020119,2023-02-01,19,2023,2,Fevereiro,1,1,3,Quarta-feira,False,Noite
2023020207,2023-02-02,7,2023,2,Fevereiro,1,2,4,Quinta-feira,False,Manha
2023020208,2023-02-02,8,2023,2,Fevereiro,1,2,4,Quinta-feira,False,Manha
2023020209,2023-02-02,9,2023,2,Fevereiro,1,2,4,Quinta-feira,False,Manha
2023020210,2023-02-02,10,2023,2,Fevereiro,1,2,4,Quinta-feira,False,Manha
2023020211,2023-02-02,11,2023,2,Fevereiro,1,2,4,Quinta-feira,False,Almoco
2023020212,2023-02-02,12,2023,2,Fevereiro,1,2,4,Quinta-feira,False,Almoco
2023020213,2023-02-02,13,2023,2,Fevereiro,1,2,4,Quinta-feira,False,Almoco
2023020214,2023-02-02,14,2023,2,Fevereiro,1,2,4,Quinta-feira,False,Almoco
2023020215,2023-02-02,15,2023,2,Fevereiro,1,2,4,Quinta-feira,False,Tarde
2023020216,2023-02-02,16,2023,2,Fevereiro,1,2,4,Quinta-feira,False,Tarde
2023020217,2023-02-02,17,2023,2,Fevereiro,1,2,4,Quinta-feira,False,Tarde
2023020218,2023-02-02,18,2023,2,Fevereiro,1,2,4,Quinta-feira,False,Tarde
2023020219,2023-02-02,19,2023,2,Fevereiro,1,2,4,Quinta-feira,False,Noite
2023020307,2023-02-03,7,2023,2,Fevereiro,1,3,5,Sexta-feira,False,Manha
2023020308,2023-02-03,8,2023,2,Fevereiro,1,3,5,Sexta-feira,False,Manha
2023020309,2023-02-03,9,2023,2,Fevereiro,1,3,5,Sexta-feira,False,Manha
2023020310,2023-02-03,10,2023,2,Fevereiro,1,3,5,Sexta-feira,False,Manha
2023020311,2023-02-03,11,2023,2,Fevereiro,1,3,5,Sexta-feira,False,Almoco
2023020312,2023-02-03,12,2023,2,Fevereiro,1,3,5,Sexta-feira,False,Almoco
2023020313,2023-02-03,13,2023,2,Fevereiro,1,3,5,Sexta-feira,False,Almoco
2023020314,2023-02-03,14,2023,2,Fevereiro,1,3,5,Sexta-feira,False,Almoco
2023020315,2023-02-03,15,2023,2,Fevereiro,1,3,5,Sexta-feira,False,Tarde
2023020316,2023-02-03,16,2023,2,Fevereiro,1,3,5,Sexta-feira,False,Tarde
2023020317,2023-02-03,17,2023,2,Fevereiro,1,3,5,Sexta-feira,False,Tarde
2023020318,2023-02-03,18,2023,2,Fevereiro,1,3,5,Sexta-feira,False,Tarde
2023020319,2023-02-03,19,2023,2,Fevereiro,1,3,5,Sexta-feira,False,Noite
2023020407,2023-02-04,7,2023,2,Fevereiro,1,4,6,Sabado,True,Manha
2023020408,2023-02-04,8,2023,2,Fevereiro,1,4,6,Sabado,True,Manha
2023020409,2023-02-04,9,2023,2,Fevereiro,1,4,6,Sabado,True,Manha
2023020410,2023-02-04,10,2023,2,Fevereiro,1,4,6,Sabado,True,Manha
2023020411,2023-02-04,11,2023,2,Fevereiro,1,4,6,Sabado,True,Almoco
2023020412,2023-02-04,12,2023,2,Fevereiro,1,4,6,Sabado,True,Almoco
2023020413,2023-02-04,13,2023,2,Fevereiro,1,4,6,Sabado,True,Almoco
2023020414,2023-02-04,14,2023,2,Fevereiro,1,4,6,Sabado,True,Almoco
2023020415,2023-02-04,15,2023,2,Fevereiro,1,4,6,Sabado,True,Tarde
2023020416,2023-02-04,16,2023,2,Fevereiro,1,4,6,Sabado,True,Tarde
2023020417,2023-02-04,17,2023,2,Fevereiro,1,4,6,Sabado,True,Tarde
2023020418,2023-02-04,18,2023,2,Fevereiro,1,4,6,Sabado,True,Tarde
2023020419,2023-02-04,19,2023,2,Fevereiro,1,4,6,Sabado,True,Noite
2023020507,2023-02-05,7,2023,2,Fevereiro,1,5,7,Domingo,True,Manha
2023020508,2023-02-05,8,2023,2,Fevereiro,1,5,7,Domingo,True,Manha
2023020509,2023-02-05,9,2023,2,Fevereiro,1,5,7,Domingo,True,Manha
2023020510,2023-02-05,10,2023,2,Fevereiro,1,5,7,Domingo,True,Manha
2023020511,2023-02-05,11,2023,2,Fevereiro,1,5,7,Domingo,True,Almoco
2023020512,2023-02-05,12,2023,2,Fevereiro,1,5,7,Domingo,True,Almoco
2023020513,2023-02-05,13,2023,2,Fevereiro,1,5,7,Domingo,True,Almoco
2023020514,2023-02-05,14,2023,2,Fevereiro,1,5,7,Domingo,True,Almoco
2023020515,2023-02-05,15,2023,2,Fevereiro,1,5,7,Domingo,True,Tarde
2023020516,2023-02-05,16,2023,2,Fevereiro,1,5,7,Domingo,True,Tarde
2023020517,2023-02-05,17,2023,2,Fevereiro,1,5,7,Domingo,True,Tarde
2023020518,2023-02-05,18,2023,2,Fevereiro,1,5,7,Domingo,True,Tarde
2023020519,2023-02-05,19,2023,2,Fevereiro,1,5,7,Domingo,True,Noite
2023020607,2023-02-06,7,2023,2,Fevereiro,1,6,1,Segunda-feira,False,Manha
2023020608,2023-02-06,8,2023,2,Fevereiro,1,6,1,Segunda-feira,False,Manha
2023020609,2023-02-06,9,2023,2,Fevereiro,1,6,1,Segunda-feira,False,Manha
2023020610,2023-02-06,10,2023,2,Fevereiro,1,6,1,Segunda-feira,False,Manha
2023020611,2023-02-06,11,2023,2,Fevereiro,1,6,1,Segunda-feira,False,Almoco
2023020612,2023-02-06,12,2023,2,Fevereiro,1,6,1,Segunda-feira,False,Almoco
2023020613,2023-02-06,13,2023,2,Fevereiro,1,6,1,Segunda-feira,False,Almoco
2023020614,2023-02-06,14,2023,2,Fevereiro,1,6,1,Segunda-feira,False,Almoco
2023020615,2023-02-06,15,2023,2,Fevereiro,1,6,1,Segunda-feira,False,Tarde
2023020616,2023-02-06,16,2023,2,Fevereiro,1,6,1,Segunda-feira,False,Tarde
2023020617,2023-02-06,17,2023,2,Fevereiro,1,6,1,Segunda-feira,False,Tarde
2023020618,2023-02-06,18,2023,2,Fevereiro,1,6,1,Segunda-feira,False,Tarde
2023020619,2023-02-06,19,2023,2,Fevereiro,1,6,1,Segunda-feira,False,Noite
2023020706,2023-02-07,6,2023,2,Fevereiro,1,7,2,Terca-feira,False,Manha
2023020707,2023-02-07,7,2023,2,Fevereiro,1,7,2,Terca-feira,False,Manha
2023020708,2023-02-07,8,2023,2,Fevereiro,1,7,2,Terca-feira,False,Manha
2023020709,2023-02-07,9,2023,2,Fevereiro,1,7,2,Terca-feira,False,Manha
2023020710,2023-02-07,10,2023,2,Fevereiro,1,7,2,Terca-feira,False,Manha
2023020711,2023-02-07,11,2023,2,Fevereiro,1,7,2,Terca-feira,False,Almoco
2023020712,2023-02-07,12,2023,2,Fevereiro,1,7,2,Terca-feira,False,Almoco
2023020713,2023-02-07,13,2023,2,Fevereiro,1,7,2,Terca-feira,False,Almoco
2023020714,2023-02-07,14,2023,2,Fevereiro,1,7,2,Terca-feira,False,Almoco
2023020715,2023-02-07,15,2023,2,Fevereiro,1,7,2,Terca-feira,False,Tarde
2023020716,2023-02-07,16,2023,2,Fevereiro,1,7,2,Terca-feira,False,Tarde
2023020717,2023-02-07,17,2023,2,Fevereiro,1,7,2,Terca-feira,False,Tarde
2023020718,2023-02-07,18,2023,2,Fevereiro,1,7,2,Terca-feira,False,Tarde
2023020719,2023-02-07,19,2023,2,Fevereiro,1,7,2,Terca-feira,False,Noite
2023020720,2023-02-07,20,2023,2,Fevereiro,1,7,2,Terca-feira,False,Noite
2023020806,2023-02-08,6,2023,2,Fevereiro,1,8,3,Quarta-feira,False,Manha
2023020807,2023-02-08,7,2023,2,Fevereiro,1,8,3,Quarta-feira,False,Manha
2023020808,2023-02-08,8,2023,2,Fevereiro,1,8,3,Quarta-feira,False,Manha
2023020809,2023-02-08,9,2023,2,Fevereiro,1,8,3,Quarta-feira,False,Manha
2023020810,2023-02-08,10,2023,2,Fevereiro,1,8,3,Quarta-feira,False,Manha
2023020811,2023-02-08,11,2023,2,Fevereiro,1,8,3,Quarta-feira,False,Almoco
2023020812,2023-02-08,12,2023,2,Fevereiro,1,8,3,Quarta-feira,False,Almoco
2023020813,2023-02-08,13,2023,2,Fevereiro,1,8,3,Quarta-feira,False,Almoco
2023020814,2023-02-08,14,2023,2,Fevereiro,1,8,3,Quarta-feira,False,Almoco
2023020815,2023-02-08,15,2023,2,Fevereiro,1,8,3,Quarta-feira,False,Tarde
2023020816,2023-02-08,16,2023,2,Fevereiro,1,8,3,Quarta-feira,False,Tarde
2023020817,2023-02-08,17,2023,2,Fevereiro,1,8,3,Quarta-feira,False,Tarde
2023020818,2023-02-08,18,2023,2,Fevereiro,1,8,3,Quarta-feira,False,Tarde
2023020819,2023-02-08,19,2023,2,Fevereiro,1,8,3,Quarta-feira,False,Noite
2023020820,2023-02-08,20,2023,2,Fevereiro,1,8,3,Quarta-feira,False,Noite
2023020906,2023-02-09,6,2023,2,Fevereiro,1,9,4,Quinta-feira,False,Manha
2023020907,2023-02-09,7,2023,2,Fevereiro,1,9,4,Quinta-feira,False,Manha
2023020908,2023-02-09,8,2023,2,Fevereiro,1,9,4,Quinta-feira,False,Manha
2023020909,2023-02-09,9,2023,2,Fevereiro,1,9,4,Quinta-feira,False,Manha
2023020910,2023-02-09,10,2023,2,Fevereiro,1,9,4,Quinta-feira,False,Manha
2023020911,2023-02-09,11,2023,2,Fevereiro,1,9,4,Quinta-feira,False,Almoco
2023020912,2023-02-09,12,2023,2,Fevereiro,1,9,4,Quinta-feira,False,Almoco
2023020913,2023-02-09,13,2023,2,Fevereiro,1,9,4,Quinta-feira,False,Almoco
2023020914,2023-02-09,14,2023,2,Fevereiro,1,9,4,Quinta-feira,False,Almoco
2023020915,2023-02-09,15,2023,2,Fevereiro,1,9,4,Quinta-feira,False,Tarde
2023020916,2023-02-09,16,2023,2,Fevereiro,1,9,4,Quinta-feira,False,Tarde
2023020917,2023-02-09,17,2023,2,Fevereiro,1,9,4,Quinta-feira,False,Tarde
2023020918,2023-02-09,18,2023,2,Fevereiro,1,9,4,Quinta-feira,False,Tarde
2023020919,2023-02-09,19,2023,2,Fevereiro,1,9,4,Quinta-feira,False,Noite
2023020920,2023-02-09,20,2023,2,Fevereiro,1,9,4,Quinta-feira,False,Noite
2023021006,2023-02-10,6,2023,2,Fevereiro,1,10,5,Sexta-feira,False,Manha
2023021007,2023-02-10,7,2023,2,Fevereiro,1,10,5,Sexta-feira,False,Manha
2023021008,2023-02-10,8,2023,2,Fevereiro,1,10,5,Sexta-feira,False,Manha
2023021009,2023-02-10,9,2023,2,Fevereiro,1,10,5,Sexta-feira,False,Manha
2023021010,2023-02-10,10,2023,2,Fevereiro,1,10,5,Sexta-feira,False,Manha
2023021011,2023-02-10,11,2023,2,Fevereiro,1,10,5,Sexta-feira,False,Almoco
2023021012,2023-02-10,12,2023,2,Fevereiro,1,10,5,Sexta-feira,False,Almoco
2023021013,2023-02-10,13,2023,2,Fevereiro,1,10,5,Sexta-feira,False,Almoco
2023021014,2023-02-10,14,2023,2,Fevereiro,1,10,5,Sexta-feira,False,Almoco
2023021015,2023-02-10,15,2023,2,Fevereiro,1,10,5,Sexta-feira,False,Tarde
2023021016,2023-02-10,16,2023,2,Fevereiro,1,10,5,Sexta-feira,False,Tarde
2023021017,2023-02-10,17,2023,2,Fevereiro,1,10,5,Sexta-feira,False,Tarde
2023021018,2023-02-10,18,2023,2,Fevereiro,1,10,5,Sexta-feira,False,Tarde
2023021019,2023-02-10,19,2023,2,Fevereiro,1,10,5,Sexta-feira,False,Noite
2023021106,2023-02-11,6,2023,2,Fevereiro,1,11,6,Sabado,True,Manha
2023021107,2023-02-11,7,2023,2,Fevereiro,1,11,6,Sabado,True,Manha
2023021108,2023-02-11,8,2023,2,Fevereiro,1,11,6,Sabado,True,Manha
2023021109,2023-02-11,9,2023,2,Fevereiro,1,11,6,Sabado,True,Manha
2023021110,2023-02-11,10,2023,2,Fevereiro,1,11,6,Sabado,True,Manha
2023021111,2023-02-11,11,2023,2,Fevereiro,1,11,6,Sabado,True,Almoco
2023021112,2023-02-11,12,2023,2,Fevereiro,1,11,6,Sabado,True,Almoco
2023021113,2023-02-11,13,2023,2,Fevereiro,1,11,6,Sabado,True,Almoco
2023021114,2023-02-11,14,2023,2,Fevereiro,1,11,6,Sabado,True,Almoco
2023021115,2023-02-11,15,2023,2,Fevereiro,1,11,6,Sabado,True,Tarde
2023021116,2023-02-11,16,2023,2,Fevereiro,1,11,6,Sabado,True,Tarde
2023021117,2023-02-11,17,2023,2,Fevereiro,1,11,6,Sabado,True,Tarde
2023021118,2023-02-11,18,2023,2,Fevereiro,1,11,6,Sabado,True,Tarde
2023021119,2023-02-11,19,2023,2,Fevereiro,1,11,6,Sabado,True,Noite
2023021206,2023-02-12,6,2023,2,Fevereiro,1,12,7,Domingo,True,Manha
2023021207,2023-02-12,7,2023,2,Fevereiro,1,12,7,Domingo,True,Manha
2023021208,2023-02-12,8,2023,2,Fevereiro,1,12,7,Domingo,True,Manha
2023021209,2023-02-12,9,2023,2,Fevereiro,1,12,7,Domingo,True,Manha
2023021210,2023-02-12,10,2023,2,Fevereiro,1,12,7,Domingo,True,Manha
2023021211,2023-02-12,11,2023,2,Fevereiro,1,12,7,Domingo,True,Almoco
2023021212,2023-02-12,12,2023,2,Fevereiro,1,12,7,Domingo,True,Almoco
2023021213,2023-02-12,13,2023,2,Fevereiro,1,12,7,Domingo,True,Almoco
2023021214,2023-02-12,14,2023,2,Fevereiro,1,12,7,Domingo,True,Almoco
2023021215,2023-02-12,15,2023,2,Fevereiro,1,12,7,Domingo,True,Tarde
2023021216,2023-02-12,16,2023,2,Fevereiro,1,12,7,Domingo,True,Tarde
2023021217,2023-02-12,17,2023,2,Fevereiro,1,12,7,Domingo,True,Tarde
2023021218,2023-02-12,18,2023,2,Fevereiro,1,12,7,Domingo,True,Tarde
2023021219,2023-02-12,19,2023,2,Fevereiro,1,12,7,Domingo,True,Noite
2023021307,2023-02-13,7,2023,2,Fevereiro,1,13,1,Segunda-feira,False,Manha
2023021308,2023-02-13,8,2023,2,Fevereiro,1,13,1,Segunda-feira,False,Manha
2023021309,2023-02-13,9,2023,2,Fevereiro,1,13,1,Segunda-feira,False,Manha
2023021310,2023-02-13,10,2023,2,Fevereiro,1,13,1,Segunda-feira,False,Manha
2023021311,2023-02-13,11,2023,2,Fevereiro,1,13,1,Segunda-feira,False,Almoco
2023021312,2023-02-13,12,2023,2,Fevereiro,1,13,1,Segunda-feira,False,Almoco
2023021313,2023-02-13,13,2023,2,Fevereiro,1,13,1,Segunda-feira,False,Almoco
2023021314,2023-02-13,14,2023,2,Fevereiro,1,13,1,Segunda-feira,False,Almoco
2023021315,2023-02-13,15,2023,2,Fevereiro,1,13,1,Segunda-feira,False,Tarde
2023021316,2023-02-13,16,2023,2,Fevereiro,1,13,1,Segunda-feira,False,Tarde
2023021317,2023-02-13,17,2023,2,Fevereiro,1,13,1,Segunda-feira,False,Tarde
2023021318,2023-02-13,18,2023,2,Fevereiro,1,13,1,Segunda-feira,False,Tarde
2023021319,2023-02-13,19,2023,2,Fevereiro,1,13,1,Segunda-feira,False,Noite
2023021320,2023-02-13,20,2023,2,Fevereiro,1,13,1,Segunda-feira,False,Noite
2023021407,2023-02-14,7,2023,2,Fevereiro,1,14,2,Terca-feira,False,Manha
2023021408,2023-02-14,8,2023,2,Fevereiro,1,14,2,Terca-feira,False,Manha
2023021409,2023-02-14,9,2023,2,Fevereiro,1,14,2,Terca-feira,False,Manha
2023021410,2023-02-14,10,2023,2,Fevereiro,1,14,2,Terca-feira,False,Manha
2023021411,2023-02-14,11,2023,2,Fevereiro,1,14,2,Terca-feira,False,Almoco
2023021412,2023-02-14,12,2023,2,Fevereiro,1,14,2,Terca-feira,False,Almoco
2023021413,2023-02-14,13,2023,2,Fevereiro,1,14,2,Terca-feira,False,Almoco
2023021414,2023-02-14,14,2023,2,Fevereiro,1,14,2,Terca-feira,False,Almoco
2023021415,2023-02-14,15,2023,2,Fevereiro,1,14,2,Terca-feira,False,Tarde
2023021416,2023-02-14,16,2023,2,Fevereiro,1,14,2,Terca-feira,False,Tarde
2023021417,2023-02-14,17,2023,2,Fevereiro,1,14,2,Terca-feira,False,Tarde
2023021418,2023-02-14,18,2023,2,Fevereiro,1,14,2,Terca-feira,False,Tarde
2023021419,2023-02-14,19,2023,2,Fevereiro,1,14,2,Terca-feira,False,Noite
2023021420,2023-02-14,20,2023,2,Fevereiro,1,14,2,Terca-feira,False,Noite
2023021506,2023-02-15,6,2023,2,Fevereiro,1,15,3,Quarta-feira,False,Manha
2023021507,2023-02-15,7,2023,2,Fevereiro,1,15,3,Quarta-feira,False,Manha
2023021508,2023-02-15,8,2023,2,Fevereiro,1,15,3,Quarta-feira,False,Manha
2023021509,2023-02-15,9,2023,2,Fevereiro,1,15,3,Quarta-feira,False,Manha
2023021510,2023-02-15,10,2023,2,Fevereiro,1,15,3,Quarta-feira,False,Manha
2023021511,2023-02-15,11,2023,2,Fevereiro,1,15,3,Quarta-feira,False,Almoco
2023021512,2023-02-15,12,2023,2,Fevereiro,1,15,3,Quarta-feira,False,Almoco
2023021513,2023-02-15,13,2023,2,Fevereiro,1,15,3,Quarta-feira,False,Almoco
2023021514,2023-02-15,14,2023,2,Fevereiro,1,15,3,Quarta-feira,False,Almoco
2023021515,2023-02-15,15,2023,2,Fevereiro,1,15,3,Quarta-feira,False,Tarde
2023021516,2023-02-15,16,2023,2,Fevereiro,1,15,3,Quarta-feira,False,Tarde
2023021517,2023-02-15,17,2023,2,Fevereiro,1,15,3,Quarta-feira,False,Tarde
2023021518,2023-02-15,18,2023,2,Fevereiro,1,15,3,Quarta-feira,False,Tarde
2023021519,2023-02-15,19,2023,2,Fevereiro,1,15,3,Quarta-feira,False,Noite
2023021606,2023-02-16,6,2023,2,Fevereiro,1,16,4,Quinta-feira,False,Manha
2023021607,2023-02-16,7,2023,2,Fevereiro,1,16,4,Quinta-feira,False,Manha
2023021608,2023-02-16,8,2023,2,Fevereiro,1,16,4,Quinta-feira,False,Manha
2023021609,2023-02-16,9,2023,2,Fevereiro,1,16,4,Quinta-feira,False,Manha
2023021610,2023-02-16,10,2023,2,Fevereiro,1,16,4,Quinta-feira,False,Manha
2023021611,2023-02-16,11,2023,2,Fevereiro,1,16,4,Quinta-feira,False,Almoco
2023021612,2023-02-16,12,2023,2,Fevereiro,1,16,4,Quinta-feira,False,Almoco
2023021613,2023-02-16,13,2023,2,Fevereiro,1,16,4,Quinta-feira,False,Almoco
2023021614,2023-02-16,14,2023,2,Fevereiro,1,16,4,Quinta-feira,False,Almoco
2023021615,2023-02-16,15,2023,2,Fevereiro,1,16,4,Quinta-feira,False,Tarde
2023021616,2023-02-16,16,2023,2,Fevereiro,1,16,4,Quinta-feira,False,Tarde
2023021617,2023-02-16,17,2023,2,Fevereiro,1,16,4,Quinta-feira,False,Tarde
2023021618,2023-02-16,18,2023,2,Fevereiro,1,16,4,Quinta-feira,False,Tarde
2023021619,2023-02-16,19,2023,2,Fevereiro,1,16,4,Quinta-feira,False,Noite
2023021706,2023-02-17,6,2023,2,Fevereiro,1,17,5,Sexta-feira,False,Manha
2023021707,2023-02-17,7,2023,2,Fevereiro,1,17,5,Sexta-feira,False,Manha
2023021708,2023-02-17,8,2023,2,Fevereiro,1,17,5,Sexta-feira,False,Manha
2023021709,2023-02-17,9,2023,2,Fevereiro,1,17,5,Sexta-feira,False,Manha
2023021710,2023-02-17,10,2023,2,Fevereiro,1,17,5,Sexta-feira,False,Manha
2023021711,2023-02-17,11,2023,2,Fevereiro,1,17,5,Sexta-feira,False,Almoco
2023021712,2023-02-17,12,2023,2,Fevereiro,1,17,5,Sexta-feira,False,Almoco
2023021713,2023-02-17,13,2023,2,Fevereiro,1,17,5,Sexta-feira,False,Almoco
2023021714,2023-02-17,14,2023,2,Fevereiro,1,17,5,Sexta-feira,False,Almoco
2023021715,2023-02-17,15,2023,2,Fevereiro,1,17,5,Sexta-feira,False,Tarde
2023021716,2023-02-17,16,2023,2,Fevereiro,1,17,5,Sexta-feira,False,Tarde
2023021717,2023-02-17,17,2023,2,Fevereiro,1,17,5,Sexta-feira,False,Tarde
2023021718,2023-02-17,18,2023,2,Fevereiro,1,17,5,Sexta-feira,False,Tarde
2023021719,2023-02-17,19,2023,2,Fevereiro,1,17,5,Sexta-feira,False,Noite
2023021806,2023-02-18,6,2023,2,Fevereiro,1,18,6,Sabado,True,Manha
2023021807,2023-02-18,7,2023,2,Fevereiro,1,18,6,Sabado,True,Manha
2023021808,2023-02-18,8,2023,2,Fevereiro,1,18,6,Sabado,True,Manha
2023021809,2023-02-18,9,2023,2,Fevereiro,1,18,6,Sabado,True,Manha
2023021810,2023-02-18,10,2023,2,Fevereiro,1,18,6,Sabado,True,Manha
2023021811,2023-02-18,11,2023,2,Fevereiro,1,18,6,Sabado,True,Almoco
2023021812,2023-02-18,12,2023,2,Fevereiro,1,18,6,Sabado,True,Almoco
2023021813,2023-02-18,13,2023,2,Fevereiro,1,18,6,Sabado,True,Almoco
2023021814,2023-02-18,14,2023,2,Fevereiro,1,18,6,Sabado,True,Almoco
2023021815,2023-02-18,15,2023,2,Fevereiro,1,18,6,Sabado,True,Tarde
2023021816,2023-02-18,16,2023,2,Fevereiro,1,18,6,Sabado,True,Tarde
2023021817,2023-02-18,17,2023,2,Fevereiro,1,18,6,Sabado,True,Tarde
2023021818,2023-02-18,18,2023,2,Fevereiro,1,18,6,Sabado,True,Tarde
2023021819,2023-02-18,19,2023,2,Fevereiro,1,18,6,Sabado,True,Noite
2023021906,2023-02-19,6,2023,2,Fevereiro,1,19,7,Domingo,True,Manha
2023021907,2023-02-19,7,2023,2,Fevereiro,1,19,7,Domingo,True,Manha
2023021908,2023-02-19,8,2023,2,Fevereiro,1,19,7,Domingo,True,Manha
2023021909,2023-02-19,9,2023,2,Fevereiro,1,19,7,Domingo,True,Manha
2023021910,2023-02-19,10,2023,2,Fevereiro,1,19,7,Domingo,True,Manha
2023021911,2023-02-19,11,2023,2,Fevereiro,1,19,7,Domingo,True,Almoco
2023021912,2023-02-19,12,2023,2,Fevereiro,1,19,7,Domingo,True,Almoco
2023021913,2023-02-19,13,2023,2,Fevereiro,1,19,7,Domingo,True,Almoco
2023021914,2023-02-19,14,2023,2,Fevereiro,1,19,7,Domingo,True,Almoco
2023021915,2023-02-19,15,2023,2,Fevereiro,1,19,7,Domingo,True,Tarde
2023021916,2023-02-19,16,2023,2,Fevereiro,1,19,7,Domingo,True,Tarde
2023021917,2023-02-19,17,2023,2,Fevereiro,1,19,7,Domingo,True,Tarde
2023021918,2023-02-19,18,2023,2,Fevereiro,1,19,7,Domingo,True,Tarde
2023021919,2023-02-19,19,2023,2,Fevereiro,1,19,7,Domingo,True,Noite
2023022007,2023-02-20,7,2023,2,Fevereiro,1,20,1,Segunda-feira,False,Manha
2023022008,2023-02-20,8,2023,2,Fevereiro,1,20,1,Segunda-feira,False,Manha
2023022009,2023-02-20,9,2023,2,Fevereiro,1,20,1,Segunda-feira,False,Manha
2023022010,2023-02-20,10,2023,2,Fevereiro,1,20,1,Segunda-feira,False,Manha
2023022011,2023-02-20,11,2023,2,Fevereiro,1,20,1,Segunda-feira,False,Almoco
2023022012,2023-02-20,12,2023,2,Fevereiro,1,20,1,Segunda-feira,False,Almoco
2023022013,2023-02-20,13,2023,2,Fevereiro,1,20,1,Segunda-feira,False,Almoco
2023022014,2023-02-20,14,2023,2,Fevereiro,1,20,1,Segunda-feira,False,Almoco
2023022015,2023-02-20,15,2023,2,Fevereiro,1,20,1,Segunda-feira,False,Tarde
2023022016,2023-02-20,16,2023,2,Fevereiro,1,20,1,Segunda-feira,False,Tarde
2023022017,2023-02-20,17,2023,2,Fevereiro,1,20,1,Segunda-feira,False,Tarde
2023022018,2023-02-20,18,2023,2,Fevereiro,1,20,1,Segunda-feira,False,Tarde
2023022019,2023-02-20,19,2023,2,Fevereiro,1,20,1,Segunda-feira,False,Noite
2023022020,2023-02-20,20,2023,2,Fevereiro,1,20,1,Segunda-feira,False,Noite
2023022107,2023-02-21,7,2023,2,Fevereiro,1,21,2,Terca-feira,False,Manha
2023022108,2023-02-21,8,2023,2,Fevereiro,1,21,2,Terca-feira,False,Manha
2023022109,2023-02-21,9,2023,2,Fevereiro,1,21,2,Terca-feira,False,Manha
2023022110,2023-02-21,10,2023,2,Fevereiro,1,21,2,Terca-feira,False,Manha
2023022111,2023-02-21,11,2023,2,Fevereiro,1,21,2,Terca-feira,False,Almoco
2023022112,2023-02-21,12,2023,2,Fevereiro,1,21,2,Terca-feira,False,Almoco
2023022113,2023-02-21,13,2023,2,Fevereiro,1,21,2,Terca-feira,False,Almoco
2023022114,2023-02-21,14,2023,2,Fevereiro,1,21,2,Terca-feira,False,Almoco
2023022115,2023-02-21,15,2023,2,Fevereiro,1,21,2,Terca-feira,False,Tarde
2023022116,2023-02-21,16,2023,2,Fevereiro,1,21,2,Terca-feira,False,Tarde
2023022117,2023-02-21,17,2023,2,Fevereiro,1,21,2,Terca-feira,False,Tarde
2023022118,2023-02-21,18,2023,2,Fevereiro,1,21,2,Terca-feira,False,Tarde
2023022119,2023-02-21,19,2023,2,Fevereiro,1,21,2,Terca-feira,False,Noite
2023022120,2023-02-21,20,2023,2,Fevereiro,1,21,2,Terca-feira,False,Noite
2023022206,2023-02-22,6,2023,2,Fevereiro,1,22,3,Quarta-feira,False,Manha
2023022207,2023-02-22,7,2023,2,Fevereiro,1,22,3,Quarta-feira,False,Manha
2023022208,2023-02-22,8,2023,2,Fevereiro,1,22,3,Quarta-feira,False,Manha
2023022209,2023-02-22,9,2023,2,Fevereiro,1,22,3,Quarta-feira,False,Manha
2023022210,2023-02-22,10,2023,2,Fevereiro,1,22,3,Quarta-feira,False,Manha
2023022211,2023-02-22,11,2023,2,Fevereiro,1,22,3,Quarta-feira,False,Almoco
2023022212,2023-02-22,12,2023,2,Fevereiro,1,22,3,Quarta-feira,False,Almoco
2023022213,2023-02-22,13,2023,2,Fevereiro,1,22,3,Quarta-feira,False,Almoco
2023022214,2023-02-22,14,2023,2,Fevereiro,1,22,3,Quarta-feira,False,Almoco
2023022215,2023-02-22,15,2023,2,Fevereiro,1,22,3,Quarta-feira,False,Tarde
2023022216,2023-02-22,16,2023,2,Fevereiro,1,22,3,Quarta-feira,False,Tarde
2023022217,2023-02-22,17,2023,2,Fevereiro,1,22,3,Quarta-feira,False,Tarde
2023022218,2023-02-22,18,2023,2,Fevereiro,1,22,3,Quarta-feira,False,Tarde
2023022219,2023-02-22,19,2023,2,Fevereiro,1,22,3,Quarta-feira,False,Noite
2023022306,2023-02-23,6,2023,2,Fevereiro,1,23,4,Quinta-feira,False,Manha
2023022307,2023-02-23,7,2023,2,Fevereiro,1,23,4,Quinta-feira,False,Manha
2023022308,2023-02-23,8,2023,2,Fevereiro,1,23,4,Quinta-feira,False,Manha
2023022309,2023-02-23,9,2023,2,Fevereiro,1,23,4,Quinta-feira,False,Manha
2023022310,2023-02-23,10,2023,2,Fevereiro,1,23,4,Quinta-feira,False,Manha
2023022311,2023-02-23,11,2023,2,Fevereiro,1,23,4,Quinta-feira,False,Almoco
2023022312,2023-02-23,12,2023,2,Fevereiro,1,23,4,Quinta-feira,False,Almoco
2023022313,2023-02-23,13,2023,2,Fevereiro,1,23,4,Quinta-feira,False,Almoco
2023022314,2023-02-23,14,2023,2,Fevereiro,1,23,4,Quinta-feira,False,Almoco
2023022315,2023-02-23,15,2023,2,Fevereiro,1,23,4,Quinta-feira,False,Tarde
2023022316,2023-02-23,16,2023,2,Fevereiro,1,23,4,Quinta-feira,False,Tarde
2023022317,2023-02-23,17,2023,2,Fevereiro,1,23,4,Quinta-feira,False,Tarde
2023022318,2023-02-23,18,2023,2,Fevereiro,1,23,4,Quinta-feira,False,Tarde
2023022319,2023-02-23,19,2023,2,Fevereiro,1,23,4,Quinta-feira,False,Noite
2023022406,2023-02-24,6,2023,2,Fevereiro,1,24,5,Sexta-feira,False,Manha
2023022407,2023-02-24,7,2023,2,Fevereiro,1,24,5,Sexta-feira,False,Manha
2023022408,2023-02-24,8,2023,2,Fevereiro,1,24,5,Sexta-feira,False,Manha
2023022409,2023-02-24,9,2023,2,Fevereiro,1,24,5,Sexta-feira,False,Manha
2023022410,2023-02-24,10,2023,2,Fevereiro,1,24,5,Sexta-feira,False,Manha
2023022411,2023-02-24,11,2023,2,Fevereiro,1,24,5,Sexta-feira,False,Almoco
2023022412,2023-02-24,12,2023,2,Fevereiro,1,24,5,Sexta-feira,False,Almoco
2023022413,2023-02-24,13,2023,2,Fevereiro,1,24,5,Sexta-feira,False,Almoco
2023022414,2023-02-24,14,2023,2,Fevereiro,1,24,5,Sexta-feira,False,Almoco
2023022415,2023-02-24,15,2023,2,Fevereiro,1,24,5,Sexta-feira,False,Tarde
2023022416,2023-02-24,16,2023,2,Fevereiro,1,24,5,Sexta-feira,False,Tarde
2023022417,2023-02-24,17,2023,2,Fevereiro,1,24,5,Sexta-feira,False,Tarde
2023022418,2023-02-24,18,2023,2,Fevereiro,1,24,5,Sexta-feira,False,Tarde
2023022419,2023-02-24,19,2023,2,Fevereiro,1,24,5,Sexta-feira,False,Noite
2023022506,2023-02-25,6,2023,2,Fevereiro,1,25,6,Sabado,True,Manha
2023022507,2023-02-25,7,2023,2,Fevereiro,1,25,6,Sabado,True,Manha
2023022508,2023-02-25,8,2023,2,Fevereiro,1,25,6,Sabado,True,Manha
2023022509,2023-02-25,9,2023,2,Fevereiro,1,25,6,Sabado,True,Manha
2023022510,2023-02-25,10,2023,2,Fevereiro,1,25,6,Sabado,True,Manha
2023022511,2023-02-25,11,2023,2,Fevereiro,1,25,6,Sabado,True,Almoco
2023022512,2023-02-25,12,2023,2,Fevereiro,1,25,6,Sabado,True,Almoco
2023022513,2023-02-25,13,2023,2,Fevereiro,1,25,6,Sabado,True,Almoco
2023022514,2023-02-25,14,2023,2,Fevereiro,1,25,6,Sabado,True,Almoco
2023022515,2023-02-25,15,2023,2,Fevereiro,1,25,6,Sabado,True,Tarde
2023022516,2023-02-25,16,2023,2,Fevereiro,1,25,6,Sabado,True,Tarde
2023022517,2023-02-25,17,2023,2,Fevereiro,1,25,6,Sabado,True,Tarde
2023022518,2023-02-25,18,2023,2,Fevereiro,1,25,6,Sabado,True,Tarde
2023022519,2023-02-25,19,2023,2,Fevereiro,1,25,6,Sabado,True,Noite
2023022606,2023-02-26,6,2023,2,Fevereiro,1,26,7,Domingo,True,Manha
2023022607,2023-02-26,7,2023,2,Fevereiro,1,26,7,Domingo,True,Manha
2023022608,2023-02-26,8,2023,2,Fevereiro,1,26,7,Domingo,True,Manha
2023022609,2023-02-26,9,2023,2,Fevereiro,1,26,7,Domingo,True,Manha
2023022610,2023-02-26,10,2023,2,Fevereiro,1,26,7,Domingo,True,Manha
2023022611,2023-02-26,11,2023,2,Fevereiro,1,26,7,Domingo,True,Almoco
2023022612,2023-02-26,12,2023,2,Fevereiro,1,26,7,Domingo,True,Almoco
2023022613,2023-02-26,13,2023,2,Fevereiro,1,26,7,Domingo,True,Almoco
2023022614,2023-02-26,14,2023,2,Fevereiro,1,26,7,Domingo,True,Almoco
2023022615,2023-02-26,15,2023,2,Fevereiro,1,26,7,Domingo,True,Tarde
2023022616,2023-02-26,16,2023,2,Fevereiro,1,26,7,Domingo,True,Tarde
2023022617,2023-02-26,17,2023,2,Fevereiro,1,26,7,Domingo,True,Tarde
2023022618,2023-02-26,18,2023,2,Fevereiro,1,26,7,Domingo,True,Tarde
2023022619,2023-02-26,19,2023,2,Fevereiro,1,26,7,Domingo,True,Noite
2023022707,2023-02-27,7,2023,2,Fevereiro,1,27,1,Segunda-feira,False,Manha
2023022708,2023-02-27,8,2023,2,Fevereiro,1,27,1,Segunda-feira,False,Manha
2023022709,2023-02-27,9,2023,2,Fevereiro,1,27,1,Segunda-feira,False,Manha
2023022710,2023-02-27,10,2023,2,Fevereiro,1,27,1,Segunda-feira,False,Manha
2023022711,2023-02-27,11,2023,2,Fevereiro,1,27,1,Segunda-feira,False,Almoco
2023022712,2023-02-27,12,2023,2,Fevereiro,1,27,1,Segunda-feira,False,Almoco
2023022713,2023-02-27,13,2023,2,Fevereiro,1,27,1,Segunda-feira,False,Almoco
2023022714,2023-02-27,14,2023,2,Fevereiro,1,27,1,Segunda-feira,False,Almoco
2023022715,2023-02-27,15,2023,2,Fevereiro,1,27,1,Segunda-feira,False,Tarde
2023022716,2023-02-27,16,2023,2,Fevereiro,1,27,1,Segunda-feira,False,Tarde
2023022717,2023-02-27,17,2023,2,Fevereiro,1,27,1,Segunda-feira,False,Tarde
2023022718,2023-02-27,18,2023,2,Fevereiro,1,27,1,Segunda-feira,False,Tarde
2023022719,2023-02-27,19,2023,2,Fevereiro,1,27,1,Segunda-feira,False,Noite
2023022720,2023-02-27,20,2023,2,Fevereiro,1,27,1,Segunda-feira,False,Noite
2023022807,2023-02-28,7,2023,2,Fevereiro,1,28,2,Terca-feira,False,Manha
2023022808,2023-02-28,8,2023,2,Fevereiro,1,28,2,Terca-feira,False,Manha
2023022809,2023-02-28,9,2023,2,Fevereiro,1,28,2,Terca-feira,False,Manha
2023022810,2023-02-28,10,2023,2,Fevereiro,1,28,2,Terca-feira,False,Manha
2023022811,2023-02-28,11,2023,2,Fevereiro,1,28,2,Terca-feira,False,Almoco
2023022812,2023-02-28,12,2023,2,Fevereiro,1,28,2,Terca-feira,False,Almoco
2023022813,2023-02-28,13,2023,2,Fevereiro,1,28,2,Terca-feira,False,Almoco
2023022814,2023-02-28,14,2023,2,Fevereiro,1,28,2,Terca-feira,False,Almoco
2023022815,2023-02-28,15,2023,2,Fevereiro,1,28,2,Terca-feira,False,Tarde
2023022816,2023-02-28,16,2023,2,Fevereiro,1,28,2,Terca-feira,False,Tarde
2023022817,2023-02-28,17,2023,2,Fevereiro,1,28,2,Terca-feira,False,Tarde
2023022818,2023-02-28,18,2023,2,Fevereiro,1,28,2,Terca-feira,False,Tarde
2023022819,2023-02-28,19,2023,2,Fevereiro,1,28,2,Terca-feira,False,Noite
2023030107,2023-03-01,7,2023,3,Marco,1,1,3,Quarta-feira,False,Manha
2023030108,2023-03-01,8,2023,3,Marco,1,1,3,Quarta-feira,False,Manha
2023030109,2023-03-01,9,2023,3,Marco,1,1,3,Quarta-feira,False,Manha
2023030110,2023-03-01,10,2023,3,Marco,1,1,3,Quarta-feira,False,Manha
2023030111,2023-03-01,11,2023,3,Marco,1,1,3,Quarta-feira,False,Almoco
2023030112,2023-03-01,12,2023,3,Marco,1,1,3,Quarta-feira,False,Almoco
2023030113,2023-03-01,13,2023,3,Marco,1,1,3,Quarta-feira,False,Almoco
2023030114,2023-03-01,14,2023,3,Marco,1,1,3,Quarta-feira,False,Almoco
2023030115,2023-03-01,15,2023,3,Marco,1,1,3,Quarta-feira,False,Tarde
2023030116,2023-03-01,16,2023,3,Marco,1,1,3,Quarta-feira,False,Tarde
2023030117,2023-03-01,17,2023,3,Marco,1,1,3,Quarta-feira,False,Tarde
2023030118,2023-03-01,18,2023,3,Marco,1,1,3,Quarta-feira,False,Tarde
2023030119,2023-03-01,19,2023,3,Marco,1,1,3,Quarta-feira,False,Noite
2023030207,2023-03-02,7,2023,3,Marco,1,2,4,Quinta-feira,False,Manha
2023030208,2023-03-02,8,2023,3,Marco,1,2,4,Quinta-feira,False,Manha
2023030209,2023-03-02,9,2023,3,Marco,1,2,4,Quinta-feira,False,Manha
2023030210,2023-03-02,10,2023,3,Marco,1,2,4,Quinta-feira,False,Manha
2023030211,2023-03-02,11,2023,3,Marco,1,2,4,Quinta-feira,False,Almoco
2023030212,2023-03-02,12,2023,3,Marco,1,2,4,Quinta-feira,False,Almoco
2023030213,2023-03-02,13,2023,3,Marco,1,2,4,Quinta-feira,False,Almoco
2023030214,2023-03-02,14,2023,3,Marco,1,2,4,Quinta-feira,False,Almoco
2023030215,2023-03-02,15,2023,3,Marco,1,2,4,Quinta-feira,False,Tarde
2023030216,2023-03-02,16,2023,3,Marco,1,2,4,Quinta-feira,False,Tarde
2023030217,2023-03-02,17,2023,3,Marco,1,2,4,Quinta-feira,False,Tarde
2023030218,2023-03-02,18,2023,3,Marco,1,2,4,Quinta-feira,False,Tarde
2023030219,2023-03-02,19,2023,3,Marco,1,2,4,Quinta-feira,False,Noite
2023030307,2023-03-03,7,2023,3,Marco,1,3,5,Sexta-feira,False,Manha
2023030308,2023-03-03,8,2023,3,Marco,1,3,5,Sexta-feira,False,Manha
2023030309,2023-03-03,9,2023,3,Marco,1,3,5,Sexta-feira,False,Manha
2023030310,2023-03-03,10,2023,3,Marco,1,3,5,Sexta-feira,False,Manha
2023030311,2023-03-03,11,2023,3,Marco,1,3,5,Sexta-feira,False,Almoco
2023030312,2023-03-03,12,2023,3,Marco,1,3,5,Sexta-feira,False,Almoco
2023030313,2023-03-03,13,2023,3,Marco,1,3,5,Sexta-feira,False,Almoco
2023030314,2023-03-03,14,2023,3,Marco,1,3,5,Sexta-feira,False,Almoco
2023030315,2023-03-03,15,2023,3,Marco,1,3,5,Sexta-feira,False,Tarde
2023030316,2023-03-03,16,2023,3,Marco,1,3,5,Sexta-feira,False,Tarde
2023030317,2023-03-03,17,2023,3,Marco,1,3,5,Sexta-feira,False,Tarde
2023030318,2023-03-03,18,2023,3,Marco,1,3,5,Sexta-feira,False,Tarde
2023030319,2023-03-03,19,2023,3,Marco,1,3,5,Sexta-feira,False,Noite
2023030407,2023-03-04,7,2023,3,Marco,1,4,6,Sabado,True,Manha
2023030408,2023-03-04,8,2023,3,Marco,1,4,6,Sabado,True,Manha
2023030409,2023-03-04,9,2023,3,Marco,1,4,6,Sabado,True,Manha
2023030410,2023-03-04,10,2023,3,Marco,1,4,6,Sabado,True,Manha
2023030411,2023-03-04,11,2023,3,Marco,1,4,6,Sabado,True,Almoco
2023030412,2023-03-04,12,2023,3,Marco,1,4,6,Sabado,True,Almoco
2023030413,2023-03-04,13,2023,3,Marco,1,4,6,Sabado,True,Almoco
2023030414,2023-03-04,14,2023,3,Marco,1,4,6,Sabado,True,Almoco
2023030415,2023-03-04,15,2023,3,Marco,1,4,6,Sabado,True,Tarde
2023030416,2023-03-04,16,2023,3,Marco,1,4,6,Sabado,True,Tarde
2023030417,2023-03-04,17,2023,3,Marco,1,4,6,Sabado,True,Tarde
2023030418,2023-03-04,18,2023,3,Marco,1,4,6,Sabado,True,Tarde
2023030419,2023-03-04,19,2023,3,Marco,1,4,6,Sabado,True,Noite
2023030507,2023-03-05,7,2023,3,Marco,1,5,7,Domingo,True,Manha
2023030508,2023-03-05,8,2023,3,Marco,1,5,7,Domingo,True,Manha
2023030509,2023-03-05,9,2023,3,Marco,1,5,7,Domingo,True,Manha
2023030510,2023-03-05,10,2023,3,Marco,1,5,7,Domingo,True,Manha
2023030511,2023-03-05,11,2023,3,Marco,1,5,7,Domingo,True,Almoco
2023030512,2023-03-05,12,2023,3,Marco,1,5,7,Domingo,True,Almoco
2023030513,2023-03-05,13,2023,3,Marco,1,5,7,Domingo,True,Almoco
2023030514,2023-03-05,14,2023,3,Marco,1,5,7,Domingo,True,Almoco
2023030515,2023-03-05,15,2023,3,Marco,1,5,7,Domingo,True,Tarde
2023030516,2023-03-05,16,2023,3,Marco,1,5,7,Domingo,True,Tarde
2023030517,2023-03-05,17,2023,3,Marco,1,5,7,Domingo,True,Tarde
2023030518,2023-03-05,18,2023,3,Marco,1,5,7,Domingo,True,Tarde
2023030519,2023-03-05,19,2023,3,Marco,1,5,7,Domingo,True,Noite
2023030607,2023-03-06,7,2023,3,Marco,1,6,1,Segunda-feira,False,Manha
2023030608,2023-03-06,8,2023,3,Marco,1,6,1,Segunda-feira,False,Manha
2023030609,2023-03-06,9,2023,3,Marco,1,6,1,Segunda-feira,False,Manha
2023030610,2023-03-06,10,2023,3,Marco,1,6,1,Segunda-feira,False,Manha
2023030611,2023-03-06,11,2023,3,Marco,1,6,1,Segunda-feira,False,Almoco
2023030612,2023-03-06,12,2023,3,Marco,1,6,1,Segunda-feira,False,Almoco
2023030613,2023-03-06,13,2023,3,Marco,1,6,1,Segunda-feira,False,Almoco
2023030614,2023-03-06,14,2023,3,Marco,1,6,1,Segunda-feira,False,Almoco
2023030615,2023-03-06,15,2023,3,Marco,1,6,1,Segunda-feira,False,Tarde
2023030616,2023-03-06,16,2023,3,Marco,1,6,1,Segunda-feira,False,Tarde
2023030617,2023-03-06,17,2023,3,Marco,1,6,1,Segunda-feira,False,Tarde
2023030618,2023-03-06,18,2023,3,Marco,1,6,1,Segunda-feira,False,Tarde
2023030619,2023-03-06,19,2023,3,Marco,1,6,1,Segunda-feira,False,Noite
2023030706,2023-03-07,6,2023,3,Marco,1,7,2,Terca-feira,False,Manha
2023030707,2023-03-07,7,2023,3,Marco,1,7,2,Terca-feira,False,Manha
2023030708,2023-03-07,8,2023,3,Marco,1,7,2,Terca-feira,False,Manha
2023030709,2023-03-07,9,2023,3,Marco,1,7,2,Terca-feira,False,Manha
2023030710,2023-03-07,10,2023,3,Marco,1,7,2,Terca-feira,False,Manha
2023030711,2023-03-07,11,2023,3,Marco,1,7,2,Terca-feira,False,Almoco
2023030712,2023-03-07,12,2023,3,Marco,1,7,2,Terca-feira,False,Almoco
2023030713,2023-03-07,13,2023,3,Marco,1,7,2,Terca-feira,False,Almoco
2023030714,2023-03-07,14,2023,3,Marco,1,7,2,Terca-feira,False,Almoco
2023030715,2023-03-07,15,2023,3,Marco,1,7,2,Terca-feira,False,Tarde
2023030716,2023-03-07,16,2023,3,Marco,1,7,2,Terca-feira,False,Tarde
2023030717,2023-03-07,17,2023,3,Marco,1,7,2,Terca-feira,False,Tarde
2023030718,2023-03-07,18,2023,3,Marco,1,7,2,Terca-feira,False,Tarde
2023030719,2023-03-07,19,2023,3,Marco,1,7,2,Terca-feira,False,Noite
2023030720,2023-03-07,20,2023,3,Marco,1,7,2,Terca-feira,False,Noite
2023030806,2023-03-08,6,2023,3,Marco,1,8,3,Quarta-feira,False,Manha
2023030807,2023-03-08,7,2023,3,Marco,1,8,3,Quarta-feira,False,Manha
2023030808,2023-03-08,8,2023,3,Marco,1,8,3,Quarta-feira,False,Manha
2023030809,2023-03-08,9,2023,3,Marco,1,8,3,Quarta-feira,False,Manha
2023030810,2023-03-08,10,2023,3,Marco,1,8,3,Quarta-feira,False,Manha
2023030811,2023-03-08,11,2023,3,Marco,1,8,3,Quarta-feira,False,Almoco
2023030812,2023-03-08,12,2023,3,Marco,1,8,3,Quarta-feira,False,Almoco
2023030813,2023-03-08,13,2023,3,Marco,1,8,3,Quarta-feira,False,Almoco
2023030814,2023-03-08,14,2023,3,Marco,1,8,3,Quarta-feira,False,Almoco
2023030815,2023-03-08,15,2023,3,Marco,1,8,3,Quarta-feira,False,Tarde
2023030816,2023-03-08,16,2023,3,Marco,1,8,3,Quarta-feira,False,Tarde
2023030817,2023-03-08,17,2023,3,Marco,1,8,3,Quarta-feira,False,Tarde
2023030818,2023-03-08,18,2023,3,Marco,1,8,3,Quarta-feira,False,Tarde
2023030819,2023-03-08,19,2023,3,Marco,1,8,3,Quarta-feira,False,Noite
2023030820,2023-03-08,20,2023,3,Marco,1,8,3,Quarta-feira,False,Noite
2023030906,2023-03-09,6,2023,3,Marco,1,9,4,Quinta-feira,False,Manha
2023030907,2023-03-09,7,2023,3,Marco,1,9,4,Quinta-feira,False,Manha
2023030908,2023-03-09,8,2023,3,Marco,1,9,4,Quinta-feira,False,Manha
2023030909,2023-03-09,9,2023,3,Marco,1,9,4,Quinta-feira,False,Manha
2023030910,2023-03-09,10,2023,3,Marco,1,9,4,Quinta-feira,False,Manha
2023030911,2023-03-09,11,2023,3,Marco,1,9,4,Quinta-feira,False,Almoco
2023030912,2023-03-09,12,2023,3,Marco,1,9,4,Quinta-feira,False,Almoco
2023030913,2023-03-09,13,2023,3,Marco,1,9,4,Quinta-feira,False,Almoco
2023030914,2023-03-09,14,2023,3,Marco,1,9,4,Quinta-feira,False,Almoco
2023030915,2023-03-09,15,2023,3,Marco,1,9,4,Quinta-feira,False,Tarde
2023030916,2023-03-09,16,2023,3,Marco,1,9,4,Quinta-feira,False,Tarde
2023030917,2023-03-09,17,2023,3,Marco,1,9,4,Quinta-feira,False,Tarde
2023030918,2023-03-09,18,2023,3,Marco,1,9,4,Quinta-feira,False,Tarde
2023030919,2023-03-09,19,2023,3,Marco,1,9,4,Quinta-feira,False,Noite
2023030920,2023-03-09,20,2023,3,Marco,1,9,4,Quinta-feira,False,Noite
2023031006,2023-03-10,6,2023,3,Marco,1,10,5,Sexta-feira,False,Manha
2023031007,2023-03-10,7,2023,3,Marco,1,10,5,Sexta-feira,False,Manha
2023031008,2023-03-10,8,2023,3,Marco,1,10,5,Sexta-feira,False,Manha
2023031009,2023-03-10,9,2023,3,Marco,1,10,5,Sexta-feira,False,Manha
2023031010,2023-03-10,10,2023,3,Marco,1,10,5,Sexta-feira,False,Manha
2023031011,2023-03-10,11,2023,3,Marco,1,10,5,Sexta-feira,False,Almoco
2023031012,2023-03-10,12,2023,3,Marco,1,10,5,Sexta-feira,False,Almoco
2023031013,2023-03-10,13,2023,3,Marco,1,10,5,Sexta-feira,False,Almoco
2023031014,2023-03-10,14,2023,3,Marco,1,10,5,Sexta-feira,False,Almoco
2023031015,2023-03-10,15,2023,3,Marco,1,10,5,Sexta-feira,False,Tarde
2023031016,2023-03-10,16,2023,3,Marco,1,10,5,Sexta-feira,False,Tarde
2023031017,2023-03-10,17,2023,3,Marco,1,10,5,Sexta-feira,False,Tarde
2023031018,2023-03-10,18,2023,3,Marco,1,10,5,Sexta-feira,False,Tarde
2023031019,2023-03-10,19,2023,3,Marco,1,10,5,Sexta-feira,False,Noite
2023031106,2023-03-11,6,2023,3,Marco,1,11,6,Sabado,True,Manha
2023031107,2023-03-11,7,2023,3,Marco,1,11,6,Sabado,True,Manha
2023031108,2023-03-11,8,2023,3,Marco,1,11,6,Sabado,True,Manha
2023031109,2023-03-11,9,2023,3,Marco,1,11,6,Sabado,True,Manha
2023031110,2023-03-11,10,2023,3,Marco,1,11,6,Sabado,True,Manha
2023031111,2023-03-11,11,2023,3,Marco,1,11,6,Sabado,True,Almoco
2023031112,2023-03-11,12,2023,3,Marco,1,11,6,Sabado,True,Almoco
2023031113,2023-03-11,13,2023,3,Marco,1,11,6,Sabado,True,Almoco
2023031114,2023-03-11,14,2023,3,Marco,1,11,6,Sabado,True,Almoco
2023031115,2023-03-11,15,2023,3,Marco,1,11,6,Sabado,True,Tarde
2023031116,2023-03-11,16,2023,3,Marco,1,11,6,Sabado,True,Tarde
2023031117,2023-03-11,17,2023,3,Marco,1,11,6,Sabado,True,Tarde
2023031118,2023-03-11,18,2023,3,Marco,1,11,6,Sabado,True,Tarde
2023031119,2023-03-11,19,2023,3,Marco,1,11,6,Sabado,True,Noite
2023031206,2023-03-12,6,2023,3,Marco,1,12,7,Domingo,True,Manha
2023031207,2023-03-12,7,2023,3,Marco,1,12,7,Domingo,True,Manha
2023031208,2023-03-12,8,2023,3,Marco,1,12,7,Domingo,True,Manha
2023031209,2023-03-12,9,2023,3,Marco,1,12,7,Domingo,True,Manha
2023031210,2023-03-12,10,2023,3,Marco,1,12,7,Domingo,True,Manha
2023031211,2023-03-12,11,2023,3,Marco,1,12,7,Domingo,True,Almoco
2023031212,2023-03-12,12,2023,3,Marco,1,12,7,Domingo,True,Almoco
2023031213,2023-03-12,13,2023,3,Marco,1,12,7,Domingo,True,Almoco
2023031214,2023-03-12,14,2023,3,Marco,1,12,7,Domingo,True,Almoco
2023031215,2023-03-12,15,2023,3,Marco,1,12,7,Domingo,True,Tarde
2023031216,2023-03-12,16,2023,3,Marco,1,12,7,Domingo,True,Tarde
2023031217,2023-03-12,17,2023,3,Marco,1,12,7,Domingo,True,Tarde
2023031218,2023-03-12,18,2023,3,Marco,1,12,7,Domingo,True,Tarde
2023031219,2023-03-12,19,2023,3,Marco,1,12,7,Domingo,True,Noite
2023031307,2023-03-13,7,2023,3,Marco,1,13,1,Segunda-feira,False,Manha
2023031308,2023-03-13,8,2023,3,Marco,1,13,1,Segunda-feira,False,Manha
2023031309,2023-03-13,9,2023,3,Marco,1,13,1,Segunda-feira,False,Manha
2023031310,2023-03-13,10,2023,3,Marco,1,13,1,Segunda-feira,False,Manha
2023031311,2023-03-13,11,2023,3,Marco,1,13,1,Segunda-feira,False,Almoco
2023031312,2023-03-13,12,2023,3,Marco,1,13,1,Segunda-feira,False,Almoco
2023031313,2023-03-13,13,2023,3,Marco,1,13,1,Segunda-feira,False,Almoco
2023031314,2023-03-13,14,2023,3,Marco,1,13,1,Segunda-feira,False,Almoco
2023031315,2023-03-13,15,2023,3,Marco,1,13,1,Segunda-feira,False,Tarde
2023031316,2023-03-13,16,2023,3,Marco,1,13,1,Segunda-feira,False,Tarde
2023031317,2023-03-13,17,2023,3,Marco,1,13,1,Segunda-feira,False,Tarde
2023031318,2023-03-13,18,2023,3,Marco,1,13,1,Segunda-feira,False,Tarde
2023031319,2023-03-13,19,2023,3,Marco,1,13,1,Segunda-feira,False,Noite
2023031320,2023-03-13,20,2023,3,Marco,1,13,1,Segunda-feira,False,Noite
2023031407,2023-03-14,7,2023,3,Marco,1,14,2,Terca-feira,False,Manha
2023031408,2023-03-14,8,2023,3,Marco,1,14,2,Terca-feira,False,Manha
2023031409,2023-03-14,9,2023,3,Marco,1,14,2,Terca-feira,False,Manha
2023031410,2023-03-14,10,2023,3,Marco,1,14,2,Terca-feira,False,Manha
2023031411,2023-03-14,11,2023,3,Marco,1,14,2,Terca-feira,False,Almoco
2023031412,2023-03-14,12,2023,3,Marco,1,14,2,Terca-feira,False,Almoco
2023031413,2023-03-14,13,2023,3,Marco,1,14,2,Terca-feira,False,Almoco
2023031414,2023-03-14,14,2023,3,Marco,1,14,2,Terca-feira,False,Almoco
2023031415,2023-03-14,15,2023,3,Marco,1,14,2,Terca-feira,False,Tarde
2023031416,2023-03-14,16,2023,3,Marco,1,14,2,Terca-feira,False,Tarde
2023031417,2023-03-14,17,2023,3,Marco,1,14,2,Terca-feira,False,Tarde
2023031418,2023-03-14,18,2023,3,Marco,1,14,2,Terca-feira,False,Tarde
2023031419,2023-03-14,19,2023,3,Marco,1,14,2,Terca-feira,False,Noite
2023031420,2023-03-14,20,2023,3,Marco,1,14,2,Terca-feira,False,Noite
2023031506,2023-03-15,6,2023,3,Marco,1,15,3,Quarta-feira,False,Manha
2023031507,2023-03-15,7,2023,3,Marco,1,15,3,Quarta-feira,False,Manha
2023031508,2023-03-15,8,2023,3,Marco,1,15,3,Quarta-feira,False,Manha
2023031509,2023-03-15,9,2023,3,Marco,1,15,3,Quarta-feira,False,Manha
2023031510,2023-03-15,10,2023,3,Marco,1,15,3,Quarta-feira,False,Manha
2023031511,2023-03-15,11,2023,3,Marco,1,15,3,Quarta-feira,False,Almoco
2023031512,2023-03-15,12,2023,3,Marco,1,15,3,Quarta-feira,False,Almoco
2023031513,2023-03-15,13,2023,3,Marco,1,15,3,Quarta-feira,False,Almoco
2023031514,2023-03-15,14,2023,3,Marco,1,15,3,Quarta-feira,False,Almoco
2023031515,2023-03-15,15,2023,3,Marco,1,15,3,Quarta-feira,False,Tarde
2023031516,2023-03-15,16,2023,3,Marco,1,15,3,Quarta-feira,False,Tarde
2023031517,2023-03-15,17,2023,3,Marco,1,15,3,Quarta-feira,False,Tarde
2023031518,2023-03-15,18,2023,3,Marco,1,15,3,Quarta-feira,False,Tarde
2023031519,2023-03-15,19,2023,3,Marco,1,15,3,Quarta-feira,False,Noite
2023031606,2023-03-16,6,2023,3,Marco,1,16,4,Quinta-feira,False,Manha
2023031607,2023-03-16,7,2023,3,Marco,1,16,4,Quinta-feira,False,Manha
2023031608,2023-03-16,8,2023,3,Marco,1,16,4,Quinta-feira,False,Manha
2023031609,2023-03-16,9,2023,3,Marco,1,16,4,Quinta-feira,False,Manha
2023031610,2023-03-16,10,2023,3,Marco,1,16,4,Quinta-feira,False,Manha
2023031611,2023-03-16,11,2023,3,Marco,1,16,4,Quinta-feira,False,Almoco
2023031612,2023-03-16,12,2023,3,Marco,1,16,4,Quinta-feira,False,Almoco
2023031613,2023-03-16,13,2023,3,Marco,1,16,4,Quinta-feira,False,Almoco
2023031614,2023-03-16,14,2023,3,Marco,1,16,4,Quinta-feira,False,Almoco
2023031615,2023-03-16,15,2023,3,Marco,1,16,4,Quinta-feira,False,Tarde
2023031616,2023-03-16,16,2023,3,Marco,1,16,4,Quinta-feira,False,Tarde
2023031617,2023-03-16,17,2023,3,Marco,1,16,4,Quinta-feira,False,Tarde
2023031618,2023-03-16,18,2023,3,Marco,1,16,4,Quinta-feira,False,Tarde
2023031619,2023-03-16,19,2023,3,Marco,1,16,4,Quinta-feira,False,Noite
2023031706,2023-03-17,6,2023,3,Marco,1,17,5,Sexta-feira,False,Manha
2023031707,2023-03-17,7,2023,3,Marco,1,17,5,Sexta-feira,False,Manha
2023031708,2023-03-17,8,2023,3,Marco,1,17,5,Sexta-feira,False,Manha
2023031709,2023-03-17,9,2023,3,Marco,1,17,5,Sexta-feira,False,Manha
2023031710,2023-03-17,10,2023,3,Marco,1,17,5,Sexta-feira,False,Manha
2023031711,2023-03-17,11,2023,3,Marco,1,17,5,Sexta-feira,False,Almoco
2023031712,2023-03-17,12,2023,3,Marco,1,17,5,Sexta-feira,False,Almoco
2023031713,2023-03-17,13,2023,3,Marco,1,17,5,Sexta-feira,False,Almoco
2023031714,2023-03-17,14,2023,3,Marco,1,17,5,Sexta-feira,False,Almoco
2023031715,2023-03-17,15,2023,3,Marco,1,17,5,Sexta-feira,False,Tarde
2023031716,2023-03-17,16,2023,3,Marco,1,17,5,Sexta-feira,False,Tarde
2023031717,2023-03-17,17,2023,3,Marco,1,17,5,Sexta-feira,False,Tarde
2023031718,2023-03-17,18,2023,3,Marco,1,17,5,Sexta-feira,False,Tarde
2023031719,2023-03-17,19,2023,3,Marco,1,17,5,Sexta-feira,False,Noite
2023031806,2023-03-18,6,2023,3,Marco,1,18,6,Sabado,True,Manha
2023031807,2023-03-18,7,2023,3,Marco,1,18,6,Sabado,True,Manha
2023031808,2023-03-18,8,2023,3,Marco,1,18,6,Sabado,True,Manha
2023031809,2023-03-18,9,2023,3,Marco,1,18,6,Sabado,True,Manha
2023031810,2023-03-18,10,2023,3,Marco,1,18,6,Sabado,True,Manha
2023031811,2023-03-18,11,2023,3,Marco,1,18,6,Sabado,True,Almoco
2023031812,2023-03-18,12,2023,3,Marco,1,18,6,Sabado,True,Almoco
2023031813,2023-03-18,13,2023,3,Marco,1,18,6,Sabado,True,Almoco
2023031814,2023-03-18,14,2023,3,Marco,1,18,6,Sabado,True,Almoco
2023031815,2023-03-18,15,2023,3,Marco,1,18,6,Sabado,True,Tarde
2023031816,2023-03-18,16,2023,3,Marco,1,18,6,Sabado,True,Tarde
2023031817,2023-03-18,17,2023,3,Marco,1,18,6,Sabado,True,Tarde
2023031818,2023-03-18,18,2023,3,Marco,1,18,6,Sabado,True,Tarde
2023031819,2023-03-18,19,2023,3,Marco,1,18,6,Sabado,True,Noite
2023031906,2023-03-19,6,2023,3,Marco,1,19,7,Domingo,True,Manha
2023031907,2023-03-19,7,2023,3,Marco,1,19,7,Domingo,True,Manha
2023031908,2023-03-19,8,2023,3,Marco,1,19,7,Domingo,True,Manha
2023031909,2023-03-19,9,2023,3,Marco,1,19,7,Domingo,True,Manha
2023031910,2023-03-19,10,2023,3,Marco,1,19,7,Domingo,True,Manha
2023031911,2023-03-19,11,2023,3,Marco,1,19,7,Domingo,True,Almoco
2023031912,2023-03-19,12,2023,3,Marco,1,19,7,Domingo,True,Almoco
2023031913,2023-03-19,13,2023,3,Marco,1,19,7,Domingo,True,Almoco
2023031914,2023-03-19,14,2023,3,Marco,1,19,7,Domingo,True,Almoco
2023031915,2023-03-19,15,2023,3,Marco,1,19,7,Domingo,True,Tarde
2023031916,2023-03-19,16,2023,3,Marco,1,19,7,Domingo,True,Tarde
2023031917,2023-03-19,17,2023,3,Marco,1,19,7,Domingo,True,Tarde
2023031918,2023-03-19,18,2023,3,Marco,1,19,7,Domingo,True,Tarde
2023031919,2023-03-19,19,2023,3,Marco,1,19,7,Domingo,True,Noite
2023032007,2023-03-20,7,2023,3,Marco,1,20,1,Segunda-feira,False,Manha
2023032008,2023-03-20,8,2023,3,Marco,1,20,1,Segunda-feira,False,Manha
2023032009,2023-03-20,9,2023,3,Marco,1,20,1,Segunda-feira,False,Manha
2023032010,2023-03-20,10,2023,3,Marco,1,20,1,Segunda-feira,False,Manha
2023032011,2023-03-20,11,2023,3,Marco,1,20,1,Segunda-feira,False,Almoco
2023032012,2023-03-20,12,2023,3,Marco,1,20,1,Segunda-feira,False,Almoco
2023032013,2023-03-20,13,2023,3,Marco,1,20,1,Segunda-feira,False,Almoco
2023032014,2023-03-20,14,2023,3,Marco,1,20,1,Segunda-feira,False,Almoco
2023032015,2023-03-20,15,2023,3,Marco,1,20,1,Segunda-feira,False,Tarde
2023032016,2023-03-20,16,2023,3,Marco,1,20,1,Segunda-feira,False,Tarde
2023032017,2023-03-20,17,2023,3,Marco,1,20,1,Segunda-feira,False,Tarde
2023032018,2023-03-20,18,2023,3,Marco,1,20,1,Segunda-feira,False,Tarde
2023032019,2023-03-20,19,2023,3,Marco,1,20,1,Segunda-feira,False,Noite
2023032020,2023-03-20,20,2023,3,Marco,1,20,1,Segunda-feira,False,Noite
2023032107,2023-03-21,7,2023,3,Marco,1,21,2,Terca-feira,False,Manha
2023032108,2023-03-21,8,2023,3,Marco,1,21,2,Terca-feira,False,Manha
2023032109,2023-03-21,9,2023,3,Marco,1,21,2,Terca-feira,False,Manha
2023032110,2023-03-21,10,2023,3,Marco,1,21,2,Terca-feira,False,Manha
2023032111,2023-03-21,11,2023,3,Marco,1,21,2,Terca-feira,False,Almoco
2023032112,2023-03-21,12,2023,3,Marco,1,21,2,Terca-feira,False,Almoco
2023032113,2023-03-21,13,2023,3,Marco,1,21,2,Terca-feira,False,Almoco
2023032114,2023-03-21,14,2023,3,Marco,1,21,2,Terca-feira,False,Almoco
2023032115,2023-03-21,15,2023,3,Marco,1,21,2,Terca-feira,False,Tarde
2023032116,2023-03-21,16,2023,3,Marco,1,21,2,Terca-feira,False,Tarde
2023032117,2023-03-21,17,2023,3,Marco,1,21,2,Terca-feira,False,Tarde
2023032118,2023-03-21,18,2023,3,Marco,1,21,2,Terca-feira,False,Tarde
2023032119,2023-03-21,19,2023,3,Marco,1,21,2,Terca-feira,False,Noite
2023032120,2023-03-21,20,2023,3,Marco,1,21,2,Terca-feira,False,Noite
2023032206,2023-03-22,6,2023,3,Marco,1,22,3,Quarta-feira,False,Manha
2023032207,2023-03-22,7,2023,3,Marco,1,22,3,Quarta-feira,False,Manha
2023032208,2023-03-22,8,2023,3,Marco,1,22,3,Quarta-feira,False,Manha
2023032209,2023-03-22,9,2023,3,Marco,1,22,3,Quarta-feira,False,Manha
2023032210,2023-03-22,10,2023,3,Marco,1,22,3,Quarta-feira,False,Manha
2023032211,2023-03-22,11,2023,3,Marco,1,22,3,Quarta-feira,False,Almoco
2023032212,2023-03-22,12,2023,3,Marco,1,22,3,Quarta-feira,False,Almoco
2023032213,2023-03-22,13,2023,3,Marco,1,22,3,Quarta-feira,False,Almoco
2023032214,2023-03-22,14,2023,3,Marco,1,22,3,Quarta-feira,False,Almoco
2023032215,2023-03-22,15,2023,3,Marco,1,22,3,Quarta-feira,False,Tarde
2023032216,2023-03-22,16,2023,3,Marco,1,22,3,Quarta-feira,False,Tarde
2023032217,2023-03-22,17,2023,3,Marco,1,22,3,Quarta-feira,False,Tarde
2023032218,2023-03-22,18,2023,3,Marco,1,22,3,Quarta-feira,False,Tarde
2023032219,2023-03-22,19,2023,3,Marco,1,22,3,Quarta-feira,False,Noite
2023032306,2023-03-23,6,2023,3,Marco,1,23,4,Quinta-feira,False,Manha
2023032307,2023-03-23,7,2023,3,Marco,1,23,4,Quinta-feira,False,Manha
2023032308,2023-03-23,8,2023,3,Marco,1,23,4,Quinta-feira,False,Manha
2023032309,2023-03-23,9,2023,3,Marco,1,23,4,Quinta-feira,False,Manha
2023032310,2023-03-23,10,2023,3,Marco,1,23,4,Quinta-feira,False,Manha
2023032311,2023-03-23,11,2023,3,Marco,1,23,4,Quinta-feira,False,Almoco
2023032312,2023-03-23,12,2023,3,Marco,1,23,4,Quinta-feira,False,Almoco
2023032313,2023-03-23,13,2023,3,Marco,1,23,4,Quinta-feira,False,Almoco
2023032314,2023-03-23,14,2023,3,Marco,1,23,4,Quinta-feira,False,Almoco
2023032315,2023-03-23,15,2023,3,Marco,1,23,4,Quinta-feira,False,Tarde
2023032316,2023-03-23,16,2023,3,Marco,1,23,4,Quinta-feira,False,Tarde
2023032317,2023-03-23,17,2023,3,Marco,1,23,4,Quinta-feira,False,Tarde
2023032318,2023-03-23,18,2023,3,Marco,1,23,4,Quinta-feira,False,Tarde
2023032319,2023-03-23,19,2023,3,Marco,1,23,4,Quinta-feira,False,Noite
2023032406,2023-03-24,6,2023,3,Marco,1,24,5,Sexta-feira,False,Manha
2023032407,2023-03-24,7,2023,3,Marco,1,24,5,Sexta-feira,False,Manha
2023032408,2023-03-24,8,2023,3,Marco,1,24,5,Sexta-feira,False,Manha
2023032409,2023-03-24,9,2023,3,Marco,1,24,5,Sexta-feira,False,Manha
2023032410,2023-03-24,10,2023,3,Marco,1,24,5,Sexta-feira,False,Manha
2023032411,2023-03-24,11,2023,3,Marco,1,24,5,Sexta-feira,False,Almoco
2023032412,2023-03-24,12,2023,3,Marco,1,24,5,Sexta-feira,False,Almoco
2023032413,2023-03-24,13,2023,3,Marco,1,24,5,Sexta-feira,False,Almoco
2023032414,2023-03-24,14,2023,3,Marco,1,24,5,Sexta-feira,False,Almoco
2023032415,2023-03-24,15,2023,3,Marco,1,24,5,Sexta-feira,False,Tarde
2023032416,2023-03-24,16,2023,3,Marco,1,24,5,Sexta-feira,False,Tarde
2023032417,2023-03-24,17,2023,3,Marco,1,24,5,Sexta-feira,False,Tarde
2023032418,2023-03-24,18,2023,3,Marco,1,24,5,Sexta-feira,False,Tarde
2023032419,2023-03-24,19,2023,3,Marco,1,24,5,Sexta-feira,False,Noite
2023032506,2023-03-25,6,2023,3,Marco,1,25,6,Sabado,True,Manha
2023032507,2023-03-25,7,2023,3,Marco,1,25,6,Sabado,True,Manha
2023032508,2023-03-25,8,2023,3,Marco,1,25,6,Sabado,True,Manha
2023032509,2023-03-25,9,2023,3,Marco,1,25,6,Sabado,True,Manha
2023032510,2023-03-25,10,2023,3,Marco,1,25,6,Sabado,True,Manha
2023032511,2023-03-25,11,2023,3,Marco,1,25,6,Sabado,True,Almoco
2023032512,2023-03-25,12,2023,3,Marco,1,25,6,Sabado,True,Almoco
2023032513,2023-03-25,13,2023,3,Marco,1,25,6,Sabado,True,Almoco
2023032514,2023-03-25,14,2023,3,Marco,1,25,6,Sabado,True,Almoco
2023032515,2023-03-25,15,2023,3,Marco,1,25,6,Sabado,True,Tarde
2023032516,2023-03-25,16,2023,3,Marco,1,25,6,Sabado,True,Tarde
2023032517,2023-03-25,17,2023,3,Marco,1,25,6,Sabado,True,Tarde
2023032518,2023-03-25,18,2023,3,Marco,1,25,6,Sabado,True,Tarde
2023032519,2023-03-25,19,2023,3,Marco,1,25,6,Sabado,True,Noite
2023032606,2023-03-26,6,2023,3,Marco,1,26,7,Domingo,True,Manha
2023032607,2023-03-26,7,2023,3,Marco,1,26,7,Domingo,True,Manha
2023032608,2023-03-26,8,2023,3,Marco,1,26,7,Domingo,True,Manha
2023032609,2023-03-26,9,2023,3,Marco,1,26,7,Domingo,True,Manha
2023032610,2023-03-26,10,2023,3,Marco,1,26,7,Domingo,True,Manha
2023032611,2023-03-26,11,2023,3,Marco,1,26,7,Domingo,True,Almoco
2023032612,2023-03-26,12,2023,3,Marco,1,26,7,Domingo,True,Almoco
2023032613,2023-03-26,13,2023,3,Marco,1,26,7,Domingo,True,Almoco
2023032614,2023-03-26,14,2023,3,Marco,1,26,7,Domingo,True,Almoco
2023032615,2023-03-26,15,2023,3,Marco,1,26,7,Domingo,True,Tarde
2023032616,2023-03-26,16,2023,3,Marco,1,26,7,Domingo,True,Tarde
2023032617,2023-03-26,17,2023,3,Marco,1,26,7,Domingo,True,Tarde
2023032618,2023-03-26,18,2023,3,Marco,1,26,7,Domingo,True,Tarde
2023032619,2023-03-26,19,2023,3,Marco,1,26,7,Domingo,True,Noite
2023032707,2023-03-27,7,2023,3,Marco,1,27,1,Segunda-feira,False,Manha
2023032708,2023-03-27,8,2023,3,Marco,1,27,1,Segunda-feira,False,Manha
2023032709,2023-03-27,9,2023,3,Marco,1,27,1,Segunda-feira,False,Manha
2023032710,2023-03-27,10,2023,3,Marco,1,27,1,Segunda-feira,False,Manha
2023032711,2023-03-27,11,2023,3,Marco,1,27,1,Segunda-feira,False,Almoco
2023032712,2023-03-27,12,2023,3,Marco,1,27,1,Segunda-feira,False,Almoco
2023032713,2023-03-27,13,2023,3,Marco,1,27,1,Segunda-feira,False,Almoco
2023032714,2023-03-27,14,2023,3,Marco,1,27,1,Segunda-feira,False,Almoco
2023032715,2023-03-27,15,2023,3,Marco,1,27,1,Segunda-feira,False,Tarde
2023032716,2023-03-27,16,2023,3,Marco,1,27,1,Segunda-feira,False,Tarde
2023032717,2023-03-27,17,2023,3,Marco,1,27,1,Segunda-feira,False,Tarde
2023032718,2023-03-27,18,2023,3,Marco,1,27,1,Segunda-feira,False,Tarde
2023032719,2023-03-27,19,2023,3,Marco,1,27,1,Segunda-feira,False,Noite
2023032720,2023-03-27,20,2023,3,Marco,1,27,1,Segunda-feira,False,Noite
2023032807,2023-03-28,7,2023,3,Marco,1,28,2,Terca-feira,False,Manha
2023032808,2023-03-28,8,2023,3,Marco,1,28,2,Terca-feira,False,Manha
2023032809,2023-03-28,9,2023,3,Marco,1,28,2,Terca-feira,False,Manha
2023032810,2023-03-28,10,2023,3,Marco,1,28,2,Terca-feira,False,Manha
2023032811,2023-03-28,11,2023,3,Marco,1,28,2,Terca-feira,False,Almoco
2023032812,2023-03-28,12,2023,3,Marco,1,28,2,Terca-feira,False,Almoco
2023032813,2023-03-28,13,2023,3,Marco,1,28,2,Terca-feira,False,Almoco
2023032814,2023-03-28,14,2023,3,Marco,1,28,2,Terca-feira,False,Almoco
2023032815,2023-03-28,15,2023,3,Marco,1,28,2,Terca-feira,False,Tarde
2023032816,2023-03-28,16,2023,3,Marco,1,28,2,Terca-feira,False,Tarde
2023032817,2023-03-28,17,2023,3,Marco,1,28,2,Terca-feira,False,Tarde
2023032818,2023-03-28,18,2023,3,Marco,1,28,2,Terca-feira,False,Tarde
2023032819,2023-03-28,19,2023,3,Marco,1,28,2,Terca-feira,False,Noite
2023032907,2023-03-29,7,2023,3,Marco,1,29,3,Quarta-feira,False,Manha
2023032908,2023-03-29,8,2023,3,Marco,1,29,3,Quarta-feira,False,Manha
2023032909,2023-03-29,9,2023,3,Marco,1,29,3,Quarta-feira,False,Manha
2023032910,2023-03-29,10,2023,3,Marco,1,29,3,Quarta-feira,False,Manha
2023032911,2023-03-29,11,2023,3,Marco,1,29,3,Quarta-feira,False,Almoco
2023032912,2023-03-29,12,2023,3,Marco,1,29,3,Quarta-feira,False,Almoco
2023032913,2023-03-29,13,2023,3,Marco,1,29,3,Quarta-feira,False,Almoco
2023032914,2023-03-29,14,2023,3,Marco,1,29,3,Quarta-feira,False,Almoco
2023032915,2023-03-29,15,2023,3,Marco,1,29,3,Quarta-feira,False,Tarde
2023032916,2023-03-29,16,2023,3,Marco,1,29,3,Quarta-feira,False,Tarde
2023032917,2023-03-29,17,2023,3,Marco,1,29,3,Quarta-feira,False,Tarde
2023032918,2023-03-29,18,2023,3,Marco,1,29,3,Quarta-feira,False,Tarde
2023032919,2023-03-29,19,2023,3,Marco,1,29,3,Quarta-feira,False,Noite
2023033006,2023-03-30,6,2023,3,Marco,1,30,4,Quinta-feira,False,Manha
2023033007,2023-03-30,7,2023,3,Marco,1,30,4,Quinta-feira,False,Manha
2023033008,2023-03-30,8,2023,3,Marco,1,30,4,Quinta-feira,False,Manha
2023033009,2023-03-30,9,2023,3,Marco,1,30,4,Quinta-feira,False,Manha
2023033010,2023-03-30,10,2023,3,Marco,1,30,4,Quinta-feira,False,Manha
2023033011,2023-03-30,11,2023,3,Marco,1,30,4,Quinta-feira,False,Almoco
2023033012,2023-03-30,12,2023,3,Marco,1,30,4,Quinta-feira,False,Almoco
2023033013,2023-03-30,13,2023,3,Marco,1,30,4,Quinta-feira,False,Almoco
2023033014,2023-03-30,14,2023,3,Marco,1,30,4,Quinta-feira,False,Almoco
2023033015,2023-03-30,15,2023,3,Marco,1,30,4,Quinta-feira,False,Tarde
2023033016,2023-03-30,16,2023,3,Marco,1,30,4,Quinta-feira,False,Tarde
2023033017,2023-03-30,17,2023,3,Marco,1,30,4,Quinta-feira,False,Tarde
2023033018,2023-03-30,18,2023,3,Marco,1,30,4,Quinta-feira,False,Tarde
2023033019,2023-03-30,19,2023,3,Marco,1,30,4,Quinta-feira,False,Noite
2023033020,2023-03-30,20,2023,3,Marco,1,30,4,Quinta-feira,False,Noite
2023033106,2023-03-31,6,2023,3,Marco,1,31,5,Sexta-feira,False,Manha
2023033107,2023-03-31,7,2023,3,Marco,1,31,5,Sexta-feira,False,Manha
2023033108,2023-03-31,8,2023,3,Marco,1,31,5,Sexta-feira,False,Manha
2023033109,2023-03-31,9,2023,3,Marco,1,31,5,Sexta-feira,False,Manha
2023033110,2023-03-31,10,2023,3,Marco,1,31,5,Sexta-feira,False,Manha
2023033111,2023-03-31,11,2023,3,Marco,1,31,5,Sexta-feira,False,Almoco
2023033112,2023-03-31,12,2023,3,Marco,1,31,5,Sexta-feira,False,Almoco
2023033113,2023-03-31,13,2023,3,Marco,1,31,5,Sexta-feira,False,Almoco
2023033114,2023-03-31,14,2023,3,Marco,1,31,5,Sexta-feira,False,Almoco
2023033115,2023-03-31,15,2023,3,Marco,1,31,5,Sexta-feira,False,Tarde
2023033116,2023-03-31,16,2023,3,Marco,1,31,5,Sexta-feira,False,Tarde
2023033117,2023-03-31,17,2023,3,Marco,1,31,5,Sexta-feira,False,Tarde
2023033118,2023-03-31,18,2023,3,Marco,1,31,5,Sexta-feira,False,Tarde
2023033119,2023-03-31,19,2023,3,Marco,1,31,5,Sexta-feira,False,Noite
2023033120,2023-03-31,20,2023,3,Marco,1,31,5,Sexta-feira,False,Noite
2023040107,2023-04-01,7,2023,4,Abril,2,1,6,Sabado,True,Manha
2023040108,2023-04-01,8,2023,4,Abril,2,1,6,Sabado,True,Manha
2023040109,2023-04-01,9,2023,4,Abril,2,1,6,Sabado,True,Manha
2023040110,2023-04-01,10,2023,4,Abril,2,1,6,Sabado,True,Manha
2023040111,2023-04-01,11,2023,4,Abril,2,1,6,Sabado,True,Almoco
2023040112,2023-04-01,12,2023,4,Abril,2,1,6,Sabado,True,Almoco
2023040113,2023-04-01,13,2023,4,Abril,2,1,6,Sabado,True,Almoco
2023040114,2023-04-01,14,2023,4,Abril,2,1,6,Sabado,True,Almoco
2023040115,2023-04-01,15,2023,4,Abril,2,1,6,Sabado,True,Tarde
2023040116,2023-04-01,16,2023,4,Abril,2,1,6,Sabado,True,Tarde
2023040117,2023-04-01,17,2023,4,Abril,2,1,6,Sabado,True,Tarde
2023040118,2023-04-01,18,2023,4,Abril,2,1,6,Sabado,True,Tarde
2023040119,2023-04-01,19,2023,4,Abril,2,1,6,Sabado,True,Noite
2023040207,2023-04-02,7,2023,4,Abril,2,2,7,Domingo,True,Manha
2023040208,2023-04-02,8,2023,4,Abril,2,2,7,Domingo,True,Manha
2023040209,2023-04-02,9,2023,4,Abril,2,2,7,Domingo,True,Manha
2023040210,2023-04-02,10,2023,4,Abril,2,2,7,Domingo,True,Manha
2023040211,2023-04-02,11,2023,4,Abril,2,2,7,Domingo,True,Almoco
2023040212,2023-04-02,12,2023,4,Abril,2,2,7,Domingo,True,Almoco
2023040213,2023-04-02,13,2023,4,Abril,2,2,7,Domingo,True,Almoco
2023040214,2023-04-02,14,2023,4,Abril,2,2,7,Domingo,True,Almoco
2023040215,2023-04-02,15,2023,4,Abril,2,2,7,Domingo,True,Tarde
2023040216,2023-04-02,16,2023,4,Abril,2,2,7,Domingo,True,Tarde
2023040217,2023-04-02,17,2023,4,Abril,2,2,7,Domingo,True,Tarde
2023040218,2023-04-02,18,2023,4,Abril,2,2,7,Domingo,True,Tarde
2023040219,2023-04-02,19,2023,4,Abril,2,2,7,Domingo,True,Noite
2023040307,2023-04-03,7,2023,4,Abril,2,3,1,Segunda-feira,False,Manha
2023040308,2023-04-03,8,2023,4,Abril,2,3,1,Segunda-feira,False,Manha
2023040309,2023-04-03,9,2023,4,Abril,2,3,1,Segunda-feira,False,Manha
2023040310,2023-04-03,10,2023,4,Abril,2,3,1,Segunda-feira,False,Manha
2023040311,2023-04-03,11,2023,4,Abril,2,3,1,Segunda-feira,False,Almoco
2023040312,2023-04-03,12,2023,4,Abril,2,3,1,Segunda-feira,False,Almoco
2023040313,2023-04-03,13,2023,4,Abril,2,3,1,Segunda-feira,False,Almoco
2023040314,2023-04-03,14,2023,4,Abril,2,3,1,Segunda-feira,False,Almoco
2023040315,2023-04-03,15,2023,4,Abril,2,3,1,Segunda-feira,False,Tarde
2023040316,2023-04-03,16,2023,4,Abril,2,3,1,Segunda-feira,False,Tarde
2023040317,2023-04-03,17,2023,4,Abril,2,3,1,Segunda-feira,False,Tarde
2023040318,2023-04-03,18,2023,4,Abril,2,3,1,Segunda-feira,False,Tarde
2023040319,2023-04-03,19,2023,4,Abril,2,3,1,Segunda-feira,False,Noite
2023040407,2023-04-04,7,2023,4,Abril,2,4,2,Terca-feira,False,Manha
2023040408,2023-04-04,8,2023,4,Abril,2,4,2,Terca-feira,False,Manha
2023040409,2023-04-04,9,2023,4,Abril,2,4,2,Terca-feira,False,Manha
2023040410,2023-04-04,10,2023,4,Abril,2,4,2,Terca-feira,False,Manha
2023040411,2023-04-04,11,2023,4,Abril,2,4,2,Terca-feira,False,Almoco
2023040412,2023-04-04,12,2023,4,Abril,2,4,2,Terca-feira,False,Almoco
2023040413,2023-04-04,13,2023,4,Abril,2,4,2,Terca-feira,False,Almoco
2023040414,2023-04-04,14,2023,4,Abril,2,4,2,Terca-feira,False,Almoco
2023040415,2023-04-04,15,2023,4,Abril,2,4,2,Terca-feira,False,Tarde
2023040416,2023-04-04,16,2023,4,Abril,2,4,2,Terca-feira,False,Tarde
2023040417,2023-04-04,17,2023,4,Abril,2,4,2,Terca-feira,False,Tarde
2023040418,2023-04-04,18,2023,4,Abril,2,4,2,Terca-feira,False,Tarde
2023040419,2023-04-04,19,2023,4,Abril,2,4,2,Terca-feira,False,Noite
2023040507,2023-04-05,7,2023,4,Abril,2,5,3,Quarta-feira,False,Manha
2023040508,2023-04-05,8,2023,4,Abril,2,5,3,Quarta-feira,False,Manha
2023040509,2023-04-05,9,2023,4,Abril,2,5,3,Quarta-feira,False,Manha
2023040510,2023-04-05,10,2023,4,Abril,2,5,3,Quarta-feira,False,Manha
2023040511,2023-04-05,11,2023,4,Abril,2,5,3,Quarta-feira,False,Almoco
2023040512,2023-04-05,12,2023,4,Abril,2,5,3,Quarta-feira,False,Almoco
2023040513,2023-04-05,13,2023,4,Abril,2,5,3,Quarta-feira,False,Almoco
2023040514,2023-04-05,14,2023,4,Abril,2,5,3,Quarta-feira,False,Almoco
2023040515,2023-04-05,15,2023,4,Abril,2,5,3,Quarta-feira,False,Tarde
2023040516,2023-04-05,16,2023,4,Abril,2,5,3,Quarta-feira,False,Tarde
2023040517,2023-04-05,17,2023,4,Abril,2,5,3,Quarta-feira,False,Tarde
2023040518,2023-04-05,18,2023,4,Abril,2,5,3,Quarta-feira,False,Tarde
2023040519,2023-04-05,19,2023,4,Abril,2,5,3,Quarta-feira,False,Noite
2023040607,2023-04-06,7,2023,4,Abril,2,6,4,Quinta-feira,False,Manha
2023040608,2023-04-06,8,2023,4,Abril,2,6,4,Quinta-feira,False,Manha
2023040609,2023-04-06,9,2023,4,Abril,2,6,4,Quinta-feira,False,Manha
2023040610,2023-04-06,10,2023,4,Abril,2,6,4,Quinta-feira,False,Manha
2023040611,2023-04-06,11,2023,4,Abril,2,6,4,Quinta-feira,False,Almoco
2023040612,2023-04-06,12,2023,4,Abril,2,6,4,Quinta-feira,False,Almoco
2023040613,2023-04-06,13,2023,4,Abril,2,6,4,Quinta-feira,False,Almoco
2023040614,2023-04-06,14,2023,4,Abril,2,6,4,Quinta-feira,False,Almoco
2023040615,2023-04-06,15,2023,4,Abril,2,6,4,Quinta-feira,False,Tarde
2023040616,2023-04-06,16,2023,4,Abril,2,6,4,Quinta-feira,False,Tarde
2023040617,2023-04-06,17,2023,4,Abril,2,6,4,Quinta-feira,False,Tarde
2023040618,2023-04-06,18,2023,4,Abril,2,6,4,Quinta-feira,False,Tarde
2023040619,2023-04-06,19,2023,4,Abril,2,6,4,Quinta-feira,False,Noite
2023040706,2023-04-07,6,2023,4,Abril,2,7,5,Sexta-feira,False,Manha
2023040707,2023-04-07,7,2023,4,Abril,2,7,5,Sexta-feira,False,Manha
2023040708,2023-04-07,8,2023,4,Abril,2,7,5,Sexta-feira,False,Manha
2023040709,2023-04-07,9,2023,4,Abril,2,7,5,Sexta-feira,False,Manha
2023040710,2023-04-07,10,2023,4,Abril,2,7,5,Sexta-feira,False,Manha
2023040711,2023-04-07,11,2023,4,Abril,2,7,5,Sexta-feira,False,Almoco
2023040712,2023-04-07,12,2023,4,Abril,2,7,5,Sexta-feira,False,Almoco
2023040713,2023-04-07,13,2023,4,Abril,2,7,5,Sexta-feira,False,Almoco
2023040714,2023-04-07,14,2023,4,Abril,2,7,5,Sexta-feira,False,Almoco
2023040715,2023-04-07,15,2023,4,Abril,2,7,5,Sexta-feira,False,Tarde
2023040716,2023-04-07,16,2023,4,Abril,2,7,5,Sexta-feira,False,Tarde
2023040717,2023-04-07,17,2023,4,Abril,2,7,5,Sexta-feira,False,Tarde
2023040718,2023-04-07,18,2023,4,Abril,2,7,5,Sexta-feira,False,Tarde
2023040719,2023-04-07,19,2023,4,Abril,2,7,5,Sexta-feira,False,Noite
2023040720,2023-04-07,20,2023,4,Abril,2,7,5,Sexta-feira,False,Noite
2023040806,2023-04-08,6,2023,4,Abril,2,8,6,Sabado,True,Manha
2023040807,2023-04-08,7,2023,4,Abril,2,8,6,Sabado,True,Manha
2023040808,2023-04-08,8,2023,4,Abril,2,8,6,Sabado,True,Manha
2023040809,2023-04-08,9,2023,4,Abril,2,8,6,Sabado,True,Manha
2023040810,2023-04-08,10,2023,4,Abril,2,8,6,Sabado,True,Manha
2023040811,2023-04-08,11,2023,4,Abril,2,8,6,Sabado,True,Almoco
2023040812,2023-04-08,12,2023,4,Abril,2,8,6,Sabado,True,Almoco
2023040813,2023-04-08,13,2023,4,Abril,2,8,6,Sabado,True,Almoco
2023040814,2023-04-08,14,2023,4,Abril,2,8,6,Sabado,True,Almoco
2023040815,2023-04-08,15,2023,4,Abril,2,8,6,Sabado,True,Tarde
2023040816,2023-04-08,16,2023,4,Abril,2,8,6,Sabado,True,Tarde
2023040817,2023-04-08,17,2023,4,Abril,2,8,6,Sabado,True,Tarde
2023040818,2023-04-08,18,2023,4,Abril,2,8,6,Sabado,True,Tarde
2023040819,2023-04-08,19,2023,4,Abril,2,8,6,Sabado,True,Noite
2023040820,2023-04-08,20,2023,4,Abril,2,8,6,Sabado,True,Noite
2023040906,2023-04-09,6,2023,4,Abril,2,9,7,Domingo,True,Manha
2023040907,2023-04-09,7,2023,4,Abril,2,9,7,Domingo,True,Manha
2023040908,2023-04-09,8,2023,4,Abril,2,9,7,Domingo,True,Manha
2023040909,2023-04-09,9,2023,4,Abril,2,9,7,Domingo,True,Manha
2023040910,2023-04-09,10,2023,4,Abril,2,9,7,Domingo,True,Manha
2023040911,2023-04-09,11,2023,4,Abril,2,9,7,Domingo,True,Almoco
2023040912,2023-04-09,12,2023,4,Abril,2,9,7,Domingo,True,Almoco
2023040913,2023-04-09,13,2023,4,Abril,2,9,7,Domingo,True,Almoco
2023040914,2023-04-09,14,2023,4,Abril,2,9,7,Domingo,True,Almoco
2023040915,2023-04-09,15,2023,4,Abril,2,9,7,Domingo,True,Tarde
2023040916,2023-04-09,16,2023,4,Abril,2,9,7,Domingo,True,Tarde
2023040917,2023-04-09,17,2023,4,Abril,2,9,7,Domingo,True,Tarde
2023040918,2023-04-09,18,2023,4,Abril,2,9,7,Domingo,True,Tarde
2023040919,2023-04-09,19,2023,4,Abril,2,9,7,Domingo,True,Noite
2023040920,2023-04-09,20,2023,4,Abril,2,9,7,Domingo,True,Noite
2023041006,2023-04-10,6,2023,4,Abril,2,10,1,Segunda-feira,False,Manha
2023041007,2023-04-10,7,2023,4,Abril,2,10,1,Segunda-feira,False,Manha
2023041008,2023-04-10,8,2023,4,Abril,2,10,1,Segunda-feira,False,Manha
2023041009,2023-04-10,9,2023,4,Abril,2,10,1,Segunda-feira,False,Manha
2023041010,2023-04-10,10,2023,4,Abril,2,10,1,Segunda-feira,False,Manha
2023041011,2023-04-10,11,2023,4,Abril,2,10,1,Segunda-feira,False,Almoco
2023041012,2023-04-10,12,2023,4,Abril,2,10,1,Segunda-feira,False,Almoco
2023041013,2023-04-10,13,2023,4,Abril,2,10,1,Segunda-feira,False,Almoco
2023041014,2023-04-10,14,2023,4,Abril,2,10,1,Segunda-feira,False,Almoco
2023041015,2023-04-10,15,2023,4,Abril,2,10,1,Segunda-feira,False,Tarde
2023041016,2023-04-10,16,2023,4,Abril,2,10,1,Segunda-feira,False,Tarde
2023041017,2023-04-10,17,2023,4,Abril,2,10,1,Segunda-feira,False,Tarde
2023041018,2023-04-10,18,2023,4,Abril,2,10,1,Segunda-feira,False,Tarde
2023041019,2023-04-10,19,2023,4,Abril,2,10,1,Segunda-feira,False,Noite
2023041106,2023-04-11,6,2023,4,Abril,2,11,2,Terca-feira,False,Manha
2023041107,2023-04-11,7,2023,4,Abril,2,11,2,Terca-feira,False,Manha
2023041108,2023-04-11,8,2023,4,Abril,2,11,2,Terca-feira,False,Manha
2023041109,2023-04-11,9,2023,4,Abril,2,11,2,Terca-feira,False,Manha
2023041110,2023-04-11,10,2023,4,Abril,2,11,2,Terca-feira,False,Manha
2023041111,2023-04-11,11,2023,4,Abril,2,11,2,Terca-feira,False,Almoco
2023041112,2023-04-11,12,2023,4,Abril,2,11,2,Terca-feira,False,Almoco
2023041113,2023-04-11,13,2023,4,Abril,2,11,2,Terca-feira,False,Almoco
2023041114,2023-04-11,14,2023,4,Abril,2,11,2,Terca-feira,False,Almoco
2023041115,2023-04-11,15,2023,4,Abril,2,11,2,Terca-feira,False,Tarde
2023041116,2023-04-11,16,2023,4,Abril,2,11,2,Terca-feira,False,Tarde
2023041117,2023-04-11,17,2023,4,Abril,2,11,2,Terca-feira,False,Tarde
2023041118,2023-04-11,18,2023,4,Abril,2,11,2,Terca-feira,False,Tarde
2023041119,2023-04-11,19,2023,4,Abril,2,11,2,Terca-feira,False,Noite
2023041206,2023-04-12,6,2023,4,Abril,2,12,3,Quarta-feira,False,Manha
2023041207,2023-04-12,7,2023,4,Abril,2,12,3,Quarta-feira,False,Manha
2023041208,2023-04-12,8,2023,4,Abril,2,12,3,Quarta-feira,False,Manha
2023041209,2023-04-12,9,2023,4,Abril,2,12,3,Quarta-feira,False,Manha
2023041210,2023-04-12,10,2023,4,Abril,2,12,3,Quarta-feira,False,Manha
2023041211,2023-04-12,11,2023,4,Abril,2,12,3,Quarta-feira,False,Almoco
2023041212,2023-04-12,12,2023,4,Abril,2,12,3,Quarta-feira,False,Almoco
2023041213,2023-04-12,13,2023,4,Abril,2,12,3,Quarta-feira,False,Almoco
2023041214,2023-04-12,14,2023,4,Abril,2,12,3,Quarta-feira,False,Almoco
2023041215,2023-04-12,15,2023,4,Abril,2,12,3,Quarta-feira,False,Tarde
2023041216,2023-04-12,16,2023,4,Abril,2,12,3,Quarta-feira,False,Tarde
2023041217,2023-04-12,17,2023,4,Abril,2,12,3,Quarta-feira,False,Tarde
2023041218,2023-04-12,18,2023,4,Abril,2,12,3,Quarta-feira,False,Tarde
2023041219,2023-04-12,19,2023,4,Abril,2,12,3,Quarta-feira,False,Noite
2023041307,2023-04-13,7,2023,4,Abril,2,13,4,Quinta-feira,False,Manha
2023041308,2023-04-13,8,2023,4,Abril,2,13,4,Quinta-feira,False,Manha
2023041309,2023-04-13,9,2023,4,Abril,2,13,4,Quinta-feira,False,Manha
2023041310,2023-04-13,10,2023,4,Abril,2,13,4,Quinta-feira,False,Manha
2023041311,2023-04-13,11,2023,4,Abril,2,13,4,Quinta-feira,False,Almoco
2023041312,2023-04-13,12,2023,4,Abril,2,13,4,Quinta-feira,False,Almoco
2023041313,2023-04-13,13,2023,4,Abril,2,13,4,Quinta-feira,False,Almoco
2023041314,2023-04-13,14,2023,4,Abril,2,13,4,Quinta-feira,False,Almoco
2023041315,2023-04-13,15,2023,4,Abril,2,13,4,Quinta-feira,False,Tarde
2023041316,2023-04-13,16,2023,4,Abril,2,13,4,Quinta-feira,False,Tarde
2023041317,2023-04-13,17,2023,4,Abril,2,13,4,Quinta-feira,False,Tarde
2023041318,2023-04-13,18,2023,4,Abril,2,13,4,Quinta-feira,False,Tarde
2023041319,2023-04-13,19,2023,4,Abril,2,13,4,Quinta-feira,False,Noite
2023041320,2023-04-13,20,2023,4,Abril,2,13,4,Quinta-feira,False,Noite
2023041407,2023-04-14,7,2023,4,Abril,2,14,5,Sexta-feira,False,Manha
2023041408,2023-04-14,8,2023,4,Abril,2,14,5,Sexta-feira,False,Manha
2023041409,2023-04-14,9,2023,4,Abril,2,14,5,Sexta-feira,False,Manha
2023041410,2023-04-14,10,2023,4,Abril,2,14,5,Sexta-feira,False,Manha
2023041411,2023-04-14,11,2023,4,Abril,2,14,5,Sexta-feira,False,Almoco
2023041412,2023-04-14,12,2023,4,Abril,2,14,5,Sexta-feira,False,Almoco
2023041413,2023-04-14,13,2023,4,Abril,2,14,5,Sexta-feira,False,Almoco
2023041414,2023-04-14,14,2023,4,Abril,2,14,5,Sexta-feira,False,Almoco
2023041415,2023-04-14,15,2023,4,Abril,2,14,5,Sexta-feira,False,Tarde
2023041416,2023-04-14,16,2023,4,Abril,2,14,5,Sexta-feira,False,Tarde
2023041417,2023-04-14,17,2023,4,Abril,2,14,5,Sexta-feira,False,Tarde
2023041418,2023-04-14,18,2023,4,Abril,2,14,5,Sexta-feira,False,Tarde
2023041419,2023-04-14,19,2023,4,Abril,2,14,5,Sexta-feira,False,Noite
2023041420,2023-04-14,20,2023,4,Abril,2,14,5,Sexta-feira,False,Noite
2023041506,2023-04-15,6,2023,4,Abril,2,15,6,Sabado,True,Manha
2023041507,2023-04-15,7,2023,4,Abril,2,15,6,Sabado,True,Manha
2023041508,2023-04-15,8,2023,4,Abril,2,15,6,Sabado,True,Manha
2023041509,2023-04-15,9,2023,4,Abril,2,15,6,Sabado,True,Manha
2023041510,2023-04-15,10,2023,4,Abril,2,15,6,Sabado,True,Manha
2023041511,2023-04-15,11,2023,4,Abril,2,15,6,Sabado,True,Almoco
2023041512,2023-04-15,12,2023,4,Abril,2,15,6,Sabado,True,Almoco
2023041513,2023-04-15,13,2023,4,Abril,2,15,6,Sabado,True,Almoco
2023041514,2023-04-15,14,2023,4,Abril,2,15,6,Sabado,True,Almoco
2023041515,2023-04-15,15,2023,4,Abril,2,15,6,Sabado,True,Tarde
2023041516,2023-04-15,16,2023,4,Abril,2,15,6,Sabado,True,Tarde
2023041517,2023-04-15,17,2023,4,Abril,2,15,6,Sabado,True,Tarde
2023041518,2023-04-15,18,2023,4,Abril,2,15,6,Sabado,True,Tarde
2023041519,2023-04-15,19,2023,4,Abril,2,15,6,Sabado,True,Noite
2023041606,2023-04-16,6,2023,4,Abril,2,16,7,Domingo,True,Manha
2023041607,2023-04-16,7,2023,4,Abril,2,16,7,Domingo,True,Manha
2023041608,2023-04-16,8,2023,4,Abril,2,16,7,Domingo,True,Manha
2023041609,2023-04-16,9,2023,4,Abril,2,16,7,Domingo,True,Manha
2023041610,2023-04-16,10,2023,4,Abril,2,16,7,Domingo,True,Manha
2023041611,2023-04-16,11,2023,4,Abril,2,16,7,Domingo,True,Almoco
2023041612,2023-04-16,12,2023,4,Abril,2,16,7,Domingo,True,Almoco
2023041613,2023-04-16,13,2023,4,Abril,2,16,7,Domingo,True,Almoco
2023041614,2023-04-16,14,2023,4,Abril,2,16,7,Domingo,True,Almoco
2023041615,2023-04-16,15,2023,4,Abril,2,16,7,Domingo,True,Tarde
2023041616,2023-04-16,16,2023,4,Abril,2,16,7,Domingo,True,Tarde
2023041617,2023-04-16,17,2023,4,Abril,2,16,7,Domingo,True,Tarde
2023041618,2023-04-16,18,2023,4,Abril,2,16,7,Domingo,True,Tarde
2023041619,2023-04-16,19,2023,4,Abril,2,16,7,Domingo,True,Noite
2023041706,2023-04-17,6,2023,4,Abril,2,17,1,Segunda-feira,False,Manha
2023041707,2023-04-17,7,2023,4,Abril,2,17,1,Segunda-feira,False,Manha
2023041708,2023-04-17,8,2023,4,Abril,2,17,1,Segunda-feira,False,Manha
2023041709,2023-04-17,9,2023,4,Abril,2,17,1,Segunda-feira,False,Manha
2023041710,2023-04-17,10,2023,4,Abril,2,17,1,Segunda-feira,False,Manha
2023041711,2023-04-17,11,2023,4,Abril,2,17,1,Segunda-feira,False,Almoco
2023041712,2023-04-17,12,2023,4,Abril,2,17,1,Segunda-feira,False,Almoco
2023041713,2023-04-17,13,2023,4,Abril,2,17,1,Segunda-feira,False,Almoco
2023041714,2023-04-17,14,2023,4,Abril,2,17,1,Segunda-feira,False,Almoco
2023041715,2023-04-17,15,2023,4,Abril,2,17,1,Segunda-feira,False,Tarde
2023041716,2023-04-17,16,2023,4,Abril,2,17,1,Segunda-feira,False,Tarde
2023041717,2023-04-17,17,2023,4,Abril,2,17,1,Segunda-feira,False,Tarde
2023041718,2023-04-17,18,2023,4,Abril,2,17,1,Segunda-feira,False,Tarde
2023041719,2023-04-17,19,2023,4,Abril,2,17,1,Segunda-feira,False,Noite
2023041806,2023-04-18,6,2023,4,Abril,2,18,2,Terca-feira,False,Manha
2023041807,2023-04-18,7,2023,4,Abril,2,18,2,Terca-feira,False,Manha
2023041808,2023-04-18,8,2023,4,Abril,2,18,2,Terca-feira,False,Manha
2023041809,2023-04-18,9,2023,4,Abril,2,18,2,Terca-feira,False,Manha
2023041810,2023-04-18,10,2023,4,Abril,2,18,2,Terca-feira,False,Manha
2023041811,2023-04-18,11,2023,4,Abril,2,18,2,Terca-feira,False,Almoco
2023041812,2023-04-18,12,2023,4,Abril,2,18,2,Terca-feira,False,Almoco
2023041813,2023-04-18,13,2023,4,Abril,2,18,2,Terca-feira,False,Almoco
2023041814,2023-04-18,14,2023,4,Abril,2,18,2,Terca-feira,False,Almoco
2023041815,2023-04-18,15,2023,4,Abril,2,18,2,Terca-feira,False,Tarde
2023041816,2023-04-18,16,2023,4,Abril,2,18,2,Terca-feira,False,Tarde
2023041817,2023-04-18,17,2023,4,Abril,2,18,2,Terca-feira,False,Tarde
2023041818,2023-04-18,18,2023,4,Abril,2,18,2,Terca-feira,False,Tarde
2023041819,2023-04-18,19,2023,4,Abril,2,18,2,Terca-feira,False,Noite
2023041906,2023-04-19,6,2023,4,Abril,2,19,3,Quarta-feira,False,Manha
2023041907,2023-04-19,7,2023,4,Abril,2,19,3,Quarta-feira,False,Manha
2023041908,2023-04-19,8,2023,4,Abril,2,19,3,Quarta-feira,False,Manha
2023041909,2023-04-19,9,2023,4,Abril,2,19,3,Quarta-feira,False,Manha
2023041910,2023-04-19,10,2023,4,Abril,2,19,3,Quarta-feira,False,Manha
2023041911,2023-04-19,11,2023,4,Abril,2,19,3,Quarta-feira,False,Almoco
2023041912,2023-04-19,12,2023,4,Abril,2,19,3,Quarta-feira,False,Almoco
2023041913,2023-04-19,13,2023,4,Abril,2,19,3,Quarta-feira,False,Almoco
2023041914,2023-04-19,14,2023,4,Abril,2,19,3,Quarta-feira,False,Almoco
2023041915,2023-04-19,15,2023,4,Abril,2,19,3,Quarta-feira,False,Tarde
2023041916,2023-04-19,16,2023,4,Abril,2,19,3,Quarta-feira,False,Tarde
2023041917,2023-04-19,17,2023,4,Abril,2,19,3,Quarta-feira,False,Tarde
2023041918,2023-04-19,18,2023,4,Abril,2,19,3,Quarta-feira,False,Tarde
2023041919,2023-04-19,19,2023,4,Abril,2,19,3,Quarta-feira,False,Noite
2023042007,2023-04-20,7,2023,4,Abril,2,20,4,Quinta-feira,False,Manha
2023042008,2023-04-20,8,2023,4,Abril,2,20,4,Quinta-feira,False,Manha
2023042009,2023-04-20,9,2023,4,Abril,2,20,4,Quinta-feira,False,Manha
2023042010,2023-04-20,10,2023,4,Abril,2,20,4,Quinta-feira,False,Manha
2023042011,2023-04-20,11,2023,4,Abril,2,20,4,Quinta-feira,False,Almoco
2023042012,2023-04-20,12,2023,4,Abril,2,20,4,Quinta-feira,False,Almoco
2023042013,2023-04-20,13,2023,4,Abril,2,20,4,Quinta-feira,False,Almoco
2023042014,2023-04-20,14,2023,4,Abril,2,20,4,Quinta-feira,False,Almoco
2023042015,2023-04-20,15,2023,4,Abril,2,20,4,Quinta-feira,False,Tarde
2023042016,2023-04-20,16,2023,4,Abril,2,20,4,Quinta-feira,False,Tarde
2023042017,2023-04-20,17,2023,4,Abril,2,20,4,Quinta-feira,False,Tarde
2023042018,2023-04-20,18,2023,4,Abril,2,20,4,Quinta-feira,False,Tarde
2023042019,2023-04-20,19,2023,4,Abril,2,20,4,Quinta-feira,False,Noite
2023042020,2023-04-20,20,2023,4,Abril,2,20,4,Quinta-feira,False,Noite
2023042107,2023-04-21,7,2023,4,Abril,2,21,5,Sexta-feira,False,Manha
2023042108,2023-04-21,8,2023,4,Abril,2,21,5,Sexta-feira,False,Manha
2023042109,2023-04-21,9,2023,4,Abril,2,21,5,Sexta-feira,False,Manha
2023042110,2023-04-21,10,2023,4,Abril,2,21,5,Sexta-feira,False,Manha
2023042111,2023-04-21,11,2023,4,Abril,2,21,5,Sexta-feira,False,Almoco
2023042112,2023-04-21,12,2023,4,Abril,2,21,5,Sexta-feira,False,Almoco
2023042113,2023-04-21,13,2023,4,Abril,2,21,5,Sexta-feira,False,Almoco
2023042114,2023-04-21,14,2023,4,Abril,2,21,5,Sexta-feira,False,Almoco
2023042115,2023-04-21,15,2023,4,Abril,2,21,5,Sexta-feira,False,Tarde
2023042116,2023-04-21,16,2023,4,Abril,2,21,5,Sexta-feira,False,Tarde
2023042117,2023-04-21,17,2023,4,Abril,2,21,5,Sexta-feira,False,Tarde
2023042118,2023-04-21,18,2023,4,Abril,2,21,5,Sexta-feira,False,Tarde
2023042119,2023-04-21,19,2023,4,Abril,2,21,5,Sexta-feira,False,Noite
2023042120,2023-04-21,20,2023,4,Abril,2,21,5,Sexta-feira,False,Noite
2023042206,2023-04-22,6,2023,4,Abril,2,22,6,Sabado,True,Manha
2023042207,2023-04-22,7,2023,4,Abril,2,22,6,Sabado,True,Manha
2023042208,2023-04-22,8,2023,4,Abril,2,22,6,Sabado,True,Manha
2023042209,2023-04-22,9,2023,4,Abril,2,22,6,Sabado,True,Manha
2023042210,2023-04-22,10,2023,4,Abril,2,22,6,Sabado,True,Manha
2023042211,2023-04-22,11,2023,4,Abril,2,22,6,Sabado,True,Almoco
2023042212,2023-04-22,12,2023,4,Abril,2,22,6,Sabado,True,Almoco
2023042213,2023-04-22,13,2023,4,Abril,2,22,6,Sabado,True,Almoco
2023042214,2023-04-22,14,2023,4,Abril,2,22,6,Sabado,True,Almoco
2023042215,2023-04-22,15,2023,4,Abril,2,22,6,Sabado,True,Tarde
2023042216,2023-04-22,16,2023,4,Abril,2,22,6,Sabado,True,Tarde
2023042217,2023-04-22,17,2023,4,Abril,2,22,6,Sabado,True,Tarde
2023042218,2023-04-22,18,2023,4,Abril,2,22,6,Sabado,True,Tarde
2023042219,2023-04-22,19,2023,4,Abril,2,22,6,Sabado,True,Noite
2023042306,2023-04-23,6,2023,4,Abril,2,23,7,Domingo,True,Manha
2023042307,2023-04-23,7,2023,4,Abril,2,23,7,Domingo,True,Manha
2023042308,2023-04-23,8,2023,4,Abril,2,23,7,Domingo,True,Manha
2023042309,2023-04-23,9,2023,4,Abril,2,23,7,Domingo,True,Manha
2023042310,2023-04-23,10,2023,4,Abril,2,23,7,Domingo,True,Manha
2023042311,2023-04-23,11,2023,4,Abril,2,23,7,Domingo,True,Almoco
2023042312,2023-04-23,12,2023,4,Abril,2,23,7,Domingo,True,Almoco
2023042313,2023-04-23,13,2023,4,Abril,2,23,7,Domingo,True,Almoco
2023042314,2023-04-23,14,2023,4,Abril,2,23,7,Domingo,True,Almoco
2023042315,2023-04-23,15,2023,4,Abril,2,23,7,Domingo,True,Tarde
2023042316,2023-04-23,16,2023,4,Abril,2,23,7,Domingo,True,Tarde
2023042317,2023-04-23,17,2023,4,Abril,2,23,7,Domingo,True,Tarde
2023042318,2023-04-23,18,2023,4,Abril,2,23,7,Domingo,True,Tarde
2023042319,2023-04-23,19,2023,4,Abril,2,23,7,Domingo,True,Noite
2023042406,2023-04-24,6,2023,4,Abril,2,24,1,Segunda-feira,False,Manha
2023042407,2023-04-24,7,2023,4,Abril,2,24,1,Segunda-feira,False,Manha
2023042408,2023-04-24,8,2023,4,Abril,2,24,1,Segunda-feira,False,Manha
2023042409,2023-04-24,9,2023,4,Abril,2,24,1,Segunda-feira,False,Manha
2023042410,2023-04-24,10,2023,4,Abril,2,24,1,Segunda-feira,False,Manha
2023042411,2023-04-24,11,2023,4,Abril,2,24,1,Segunda-feira,False,Almoco
2023042412,2023-04-24,12,2023,4,Abril,2,24,1,Segunda-feira,False,Almoco
2023042413,2023-04-24,13,2023,4,Abril,2,24,1,Segunda-feira,False,Almoco
2023042414,2023-04-24,14,2023,4,Abril,2,24,1,Segunda-feira,False,Almoco
2023042415,2023-04-24,15,2023,4,Abril,2,24,1,Segunda-feira,False,Tarde
2023042416,2023-04-24,16,2023,4,Abril,2,24,1,Segunda-feira,False,Tarde
2023042417,2023-04-24,17,2023,4,Abril,2,24,1,Segunda-feira,False,Tarde
2023042418,2023-04-24,18,2023,4,Abril,2,24,1,Segunda-feira,False,Tarde
2023042419,2023-04-24,19,2023,4,Abril,2,24,1,Segunda-feira,False,Noite
2023042506,2023-04-25,6,2023,4,Abril,2,25,2,Terca-feira,False,Manha
2023042507,2023-04-25,7,2023,4,Abril,2,25,2,Terca-feira,False,Manha
2023042508,2023-04-25,8,2023,4,Abril,2,25,2,Terca-feira,False,Manha
2023042509,2023-04-25,9,2023,4,Abril,2,25,2,Terca-feira,False,Manha
2023042510,2023-04-25,10,2023,4,Abril,2,25,2,Terca-feira,False,Manha
2023042511,2023-04-25,11,2023,4,Abril,2,25,2,Terca-feira,False,Almoco
2023042512,2023-04-25,12,2023,4,Abril,2,25,2,Terca-feira,False,Almoco
2023042513,2023-04-25,13,2023,4,Abril,2,25,2,Terca-feira,False,Almoco
2023042514,2023-04-25,14,2023,4,Abril,2,25,2,Terca-feira,False,Almoco
2023042515,2023-04-25,15,2023,4,Abril,2,25,2,Terca-feira,False,Tarde
2023042516,2023-04-25,16,2023,4,Abril,2,25,2,Terca-feira,False,Tarde
2023042517,2023-04-25,17,2023,4,Abril,2,25,2,Terca-feira,False,Tarde
2023042518,2023-04-25,18,2023,4,Abril,2,25,2,Terca-feira,False,Tarde
2023042519,2023-04-25,19,2023,4,Abril,2,25,2,Terca-feira,False,Noite
2023042606,2023-04-26,6,2023,4,Abril,2,26,3,Quarta-feira,False,Manha
2023042607,2023-04-26,7,2023,4,Abril,2,26,3,Quarta-feira,False,Manha
2023042608,2023-04-26,8,2023,4,Abril,2,26,3,Quarta-feira,False,Manha
2023042609,2023-04-26,9,2023,4,Abril,2,26,3,Quarta-feira,False,Manha
2023042610,2023-04-26,10,2023,4,Abril,2,26,3,Quarta-feira,False,Manha
2023042611,2023-04-26,11,2023,4,Abril,2,26,3,Quarta-feira,False,Almoco
2023042612,2023-04-26,12,2023,4,Abril,2,26,3,Quarta-feira,False,Almoco
2023042613,2023-04-26,13,2023,4,Abril,2,26,3,Quarta-feira,False,Almoco
2023042614,2023-04-26,14,2023,4,Abril,2,26,3,Quarta-feira,False,Almoco
2023042615,2023-04-26,15,2023,4,Abril,2,26,3,Quarta-feira,False,Tarde
2023042616,2023-04-26,16,2023,4,Abril,2,26,3,Quarta-feira,False,Tarde
2023042617,2023-04-26,17,2023,4,Abril,2,26,3,Quarta-feira,False,Tarde
2023042618,2023-04-26,18,2023,4,Abril,2,26,3,Quarta-feira,False,Tarde
2023042619,2023-04-26,19,2023,4,Abril,2,26,3,Quarta-feira,False,Noite
2023042707,2023-04-27,7,2023,4,Abril,2,27,4,Quinta-feira,False,Manha
2023042708,2023-04-27,8,2023,4,Abril,2,27,4,Quinta-feira,False,Manha
2023042709,2023-04-27,9,2023,4,Abril,2,27,4,Quinta-feira,False,Manha
2023042710,2023-04-27,10,2023,4,Abril,2,27,4,Quinta-feira,False,Manha
2023042711,2023-04-27,11,2023,4,Abril,2,27,4,Quinta-feira,False,Almoco
2023042712,2023-04-27,12,2023,4,Abril,2,27,4,Quinta-feira,False,Almoco
2023042713,2023-04-27,13,2023,4,Abril,2,27,4,Quinta-feira,False,Almoco
2023042714,2023-04-27,14,2023,4,Abril,2,27,4,Quinta-feira,False,Almoco
2023042715,2023-04-27,15,2023,4,Abril,2,27,4,Quinta-feira,False,Tarde
2023042716,2023-04-27,16,2023,4,Abril,2,27,4,Quinta-feira,False,Tarde
2023042717,2023-04-27,17,2023,4,Abril,2,27,4,Quinta-feira,False,Tarde
2023042718,2023-04-27,18,2023,4,Abril,2,27,4,Quinta-feira,False,Tarde
2023042719,2023-04-27,19,2023,4,Abril,2,27,4,Quinta-feira,False,Noite
2023042720,2023-04-27,20,2023,4,Abril,2,27,4,Quinta-feira,False,Noite
2023042807,2023-04-28,7,2023,4,Abril,2,28,5,Sexta-feira,False,Manha
2023042808,2023-04-28,8,2023,4,Abril,2,28,5,Sexta-feira,False,Manha
2023042809,2023-04-28,9,2023,4,Abril,2,28,5,Sexta-feira,False,Manha
2023042810,2023-04-28,10,2023,4,Abril,2,28,5,Sexta-feira,False,Manha
2023042811,2023-04-28,11,2023,4,Abril,2,28,5,Sexta-feira,False,Almoco
2023042812,2023-04-28,12,2023,4,Abril,2,28,5,Sexta-feira,False,Almoco
2023042813,2023-04-28,13,2023,4,Abril,2,28,5,Sexta-feira,False,Almoco
2023042814,2023-04-28,14,2023,4,Abril,2,28,5,Sexta-feira,False,Almoco
2023042815,2023-04-28,15,2023,4,Abril,2,28,5,Sexta-feira,False,Tarde
2023042816,2023-04-28,16,2023,4,Abril,2,28,5,Sexta-feira,False,Tarde
2023042817,2023-04-28,17,2023,4,Abril,2,28,5,Sexta-feira,False,Tarde
2023042818,2023-04-28,18,2023,4,Abril,2,28,5,Sexta-feira,False,Tarde
2023042819,2023-04-28,19,2023,4,Abril,2,28,5,Sexta-feira,False,Noite
2023042907,2023-04-29,7,2023,4,Abril,2,29,6,Sabado,True,Manha
2023042908,2023-04-29,8,2023,4,Abril,2,29,6,Sabado,True,Manha
2023042909,2023-04-29,9,2023,4,Abril,2,29,6,Sabado,True,Manha
2023042910,2023-04-29,10,2023,4,Abril,2,29,6,Sabado,True,Manha
2023042911,2023-04-29,11,2023,4,Abril,2,29,6,Sabado,True,Almoco
2023042912,2023-04-29,12,2023,4,Abril,2,29,6,Sabado,True,Almoco
2023042913,2023-04-29,13,2023,4,Abril,2,29,6,Sabado,True,Almoco
2023042914,2023-04-29,14,2023,4,Abril,2,29,6,Sabado,True,Almoco
2023042915,2023-04-29,15,2023,4,Abril,2,29,6,Sabado,True,Tarde
2023042916,2023-04-29,16,2023,4,Abril,2,29,6,Sabado,True,Tarde
2023042917,2023-04-29,17,2023,4,Abril,2,29,6,Sabado,True,Tarde
2023042918,2023-04-29,18,2023,4,Abril,2,29,6,Sabado,True,Tarde
2023042919,2023-04-29,19,2023,4,Abril,2,29,6,Sabado,True,Noite
2023043006,2023-04-30,6,2023,4,Abril,2,30,7,Domingo,True,Manha
2023043007,2023-04-30,7,2023,4,Abril,2,30,7,Domingo,True,Manha
2023043008,2023-04-30,8,2023,4,Abril,2,30,7,Domingo,True,Manha
2023043009,2023-04-30,9,2023,4,Abril,2,30,7,Domingo,True,Manha
2023043010,2023-04-30,10,2023,4,Abril,2,30,7,Domingo,True,Manha
2023043011,2023-04-30,11,2023,4,Abril,2,30,7,Domingo,True,Almoco
2023043012,2023-04-30,12,2023,4,Abril,2,30,7,Domingo,True,Almoco
2023043013,2023-04-30,13,2023,4,Abril,2,30,7,Domingo,True,Almoco
2023043014,2023-04-30,14,2023,4,Abril,2,30,7,Domingo,True,Almoco
2023043015,2023-04-30,15,2023,4,Abril,2,30,7,Domingo,True,Tarde
2023043016,2023-04-30,16,2023,4,Abril,2,30,7,Domingo,True,Tarde
2023043017,2023-04-30,17,2023,4,Abril,2,30,7,Domingo,True,Tarde
2023043018,2023-04-30,18,2023,4,Abril,2,30,7,Domingo,True,Tarde
2023043019,2023-04-30,19,2023,4,Abril,2,30,7,Domingo,True,Noite
2023043020,2023-04-30,20,2023,4,Abril,2,30,7,Domingo,True,Noite
2023050107,2023-05-01,7,2023,5,Maio,2,1,1,Segunda-feira,False,Manha
2023050108,2023-05-01,8,2023,5,Maio,2,1,1,Segunda-feira,False,Manha
2023050109,2023-05-01,9,2023,5,Maio,2,1,1,Segunda-feira,False,Manha
2023050110,2023-05-01,10,2023,5,Maio,2,1,1,Segunda-feira,False,Manha
2023050111,2023-05-01,11,2023,5,Maio,2,1,1,Segunda-feira,False,Almoco
2023050112,2023-05-01,12,2023,5,Maio,2,1,1,Segunda-feira,False,Almoco
2023050113,2023-05-01,13,2023,5,Maio,2,1,1,Segunda-feira,False,Almoco
2023050114,2023-05-01,14,2023,5,Maio,2,1,1,Segunda-feira,False,Almoco
2023050115,2023-05-01,15,2023,5,Maio,2,1,1,Segunda-feira,False,Tarde
2023050116,2023-05-01,16,2023,5,Maio,2,1,1,Segunda-feira,False,Tarde
2023050117,2023-05-01,17,2023,5,Maio,2,1,1,Segunda-feira,False,Tarde
2023050118,2023-05-01,18,2023,5,Maio,2,1,1,Segunda-feira,False,Tarde
2023050119,2023-05-01,19,2023,5,Maio,2,1,1,Segunda-feira,False,Noite
2023050207,2023-05-02,7,2023,5,Maio,2,2,2,Terca-feira,False,Manha
2023050208,2023-05-02,8,2023,5,Maio,2,2,2,Terca-feira,False,Manha
2023050209,2023-05-02,9,2023,5,Maio,2,2,2,Terca-feira,False,Manha
2023050210,2023-05-02,10,2023,5,Maio,2,2,2,Terca-feira,False,Manha
2023050211,2023-05-02,11,2023,5,Maio,2,2,2,Terca-feira,False,Almoco
2023050212,2023-05-02,12,2023,5,Maio,2,2,2,Terca-feira,False,Almoco
2023050213,2023-05-02,13,2023,5,Maio,2,2,2,Terca-feira,False,Almoco
2023050214,2023-05-02,14,2023,5,Maio,2,2,2,Terca-feira,False,Almoco
2023050215,2023-05-02,15,2023,5,Maio,2,2,2,Terca-feira,False,Tarde
2023050216,2023-05-02,16,2023,5,Maio,2,2,2,Terca-feira,False,Tarde
2023050217,2023-05-02,17,2023,5,Maio,2,2,2,Terca-feira,False,Tarde
2023050218,2023-05-02,18,2023,5,Maio,2,2,2,Terca-feira,False,Tarde
2023050219,2023-05-02,19,2023,5,Maio,2,2,2,Terca-feira,False,Noite
2023050307,2023-05-03,7,2023,5,Maio,2,3,3,Quarta-feira,False,Manha
2023050308,2023-05-03,8,2023,5,Maio,2,3,3,Quarta-feira,False,Manha
2023050309,2023-05-03,9,2023,5,Maio,2,3,3,Quarta-feira,False,Manha
2023050310,2023-05-03,10,2023,5,Maio,2,3,3,Quarta-feira,False,Manha
2023050311,2023-05-03,11,2023,5,Maio,2,3,3,Quarta-feira,False,Almoco
2023050312,2023-05-03,12,2023,5,Maio,2,3,3,Quarta-feira,False,Almoco
2023050313,2023-05-03,13,2023,5,Maio,2,3,3,Quarta-feira,False,Almoco
2023050314,2023-05-03,14,2023,5,Maio,2,3,3,Quarta-feira,False,Almoco
2023050315,2023-05-03,15,2023,5,Maio,2,3,3,Quarta-feira,False,Tarde
2023050316,2023-05-03,16,2023,5,Maio,2,3,3,Quarta-feira,False,Tarde
2023050317,2023-05-03,17,2023,5,Maio,2,3,3,Quarta-feira,False,Tarde
2023050318,2023-05-03,18,2023,5,Maio,2,3,3,Quarta-feira,False,Tarde
2023050319,2023-05-03,19,2023,5,Maio,2,3,3,Quarta-feira,False,Noite
2023050407,2023-05-04,7,2023,5,Maio,2,4,4,Quinta-feira,False,Manha
2023050408,2023-05-04,8,2023,5,Maio,2,4,4,Quinta-feira,False,Manha
2023050409,2023-05-04,9,2023,5,Maio,2,4,4,Quinta-feira,False,Manha
2023050410,2023-05-04,10,2023,5,Maio,2,4,4,Quinta-feira,False,Manha
2023050411,2023-05-04,11,2023,5,Maio,2,4,4,Quinta-feira,False,Almoco
2023050412,2023-05-04,12,2023,5,Maio,2,4,4,Quinta-feira,False,Almoco
2023050413,2023-05-04,13,2023,5,Maio,2,4,4,Quinta-feira,False,Almoco
2023050414,2023-05-04,14,2023,5,Maio,2,4,4,Quinta-feira,False,Almoco
2023050415,2023-05-04,15,2023,5,Maio,2,4,4,Quinta-feira,False,Tarde
2023050416,2023-05-04,16,2023,5,Maio,2,4,4,Quinta-feira,False,Tarde
2023050417,2023-05-04,17,2023,5,Maio,2,4,4,Quinta-feira,False,Tarde
2023050418,2023-05-04,18,2023,5,Maio,2,4,4,Quinta-feira,False,Tarde
2023050419,2023-05-04,19,2023,5,Maio,2,4,4,Quinta-feira,False,Noite
2023050507,2023-05-05,7,2023,5,Maio,2,5,5,Sexta-feira,False,Manha
2023050508,2023-05-05,8,2023,5,Maio,2,5,5,Sexta-feira,False,Manha
2023050509,2023-05-05,9,2023,5,Maio,2,5,5,Sexta-feira,False,Manha
2023050510,2023-05-05,10,2023,5,Maio,2,5,5,Sexta-feira,False,Manha
2023050511,2023-05-05,11,2023,5,Maio,2,5,5,Sexta-feira,False,Almoco
2023050512,2023-05-05,12,2023,5,Maio,2,5,5,Sexta-feira,False,Almoco
2023050513,2023-05-05,13,2023,5,Maio,2,5,5,Sexta-feira,False,Almoco
2023050514,2023-05-05,14,2023,5,Maio,2,5,5,Sexta-feira,False,Almoco
2023050515,2023-05-05,15,2023,5,Maio,2,5,5,Sexta-feira,False,Tarde
2023050516,2023-05-05,16,2023,5,Maio,2,5,5,Sexta-feira,False,Tarde
2023050517,2023-05-05,17,2023,5,Maio,2,5,5,Sexta-feira,False,Tarde
2023050518,2023-05-05,18,2023,5,Maio,2,5,5,Sexta-feira,False,Tarde
2023050519,2023-05-05,19,2023,5,Maio,2,5,5,Sexta-feira,False,Noite
2023050607,2023-05-06,7,2023,5,Maio,2,6,6,Sabado,True,Manha
2023050608,2023-05-06,8,2023,5,Maio,2,6,6,Sabado,True,Manha
2023050609,2023-05-06,9,2023,5,Maio,2,6,6,Sabado,True,Manha
2023050610,2023-05-06,10,2023,5,Maio,2,6,6,Sabado,True,Manha
2023050611,2023-05-06,11,2023,5,Maio,2,6,6,Sabado,True,Almoco
2023050612,2023-05-06,12,2023,5,Maio,2,6,6,Sabado,True,Almoco
2023050613,2023-05-06,13,2023,5,Maio,2,6,6,Sabado,True,Almoco
2023050614,2023-05-06,14,2023,5,Maio,2,6,6,Sabado,True,Almoco
2023050615,2023-05-06,15,2023,5,Maio,2,6,6,Sabado,True,Tarde
2023050616,2023-05-06,16,2023,5,Maio,2,6,6,Sabado,True,Tarde
2023050617,2023-05-06,17,2023,5,Maio,2,6,6,Sabado,True,Tarde
2023050618,2023-05-06,18,2023,5,Maio,2,6,6,Sabado,True,Tarde
2023050619,2023-05-06,19,2023,5,Maio,2,6,6,Sabado,True,Noite
2023050706,2023-05-07,6,2023,5,Maio,2,7,7,Domingo,True,Manha
2023050707,2023-05-07,7,2023,5,Maio,2,7,7,Domingo,True,Manha
2023050708,2023-05-07,8,2023,5,Maio,2,7,7,Domingo,True,Manha
2023050709,2023-05-07,9,2023,5,Maio,2,7,7,Domingo,True,Manha
2023050710,2023-05-07,10,2023,5,Maio,2,7,7,Domingo,True,Manha
2023050711,2023-05-07,11,2023,5,Maio,2,7,7,Domingo,True,Almoco
2023050712,2023-05-07,12,2023,5,Maio,2,7,7,Domingo,True,Almoco
2023050713,2023-05-07,13,2023,5,Maio,2,7,7,Domingo,True,Almoco
2023050714,2023-05-07,14,2023,5,Maio,2,7,7,Domingo,True,Almoco
2023050715,2023-05-07,15,2023,5,Maio,2,7,7,Domingo,True,Tarde
2023050716,2023-05-07,16,2023,5,Maio,2,7,7,Domingo,True,Tarde
2023050717,2023-05-07,17,2023,5,Maio,2,7,7,Domingo,True,Tarde
2023050718,2023-05-07,18,2023,5,Maio,2,7,7,Domingo,True,Tarde
2023050719,2023-05-07,19,2023,5,Maio,2,7,7,Domingo,True,Noite
2023050720,2023-05-07,20,2023,5,Maio,2,7,7,Domingo,True,Noite
2023050806,2023-05-08,6,2023,5,Maio,2,8,1,Segunda-feira,False,Manha
2023050807,2023-05-08,7,2023,5,Maio,2,8,1,Segunda-feira,False,Manha
2023050808,2023-05-08,8,2023,5,Maio,2,8,1,Segunda-feira,False,Manha
2023050809,2023-05-08,9,2023,5,Maio,2,8,1,Segunda-feira,False,Manha
2023050810,2023-05-08,10,2023,5,Maio,2,8,1,Segunda-feira,False,Manha
2023050811,2023-05-08,11,2023,5,Maio,2,8,1,Segunda-feira,False,Almoco
2023050812,2023-05-08,12,2023,5,Maio,2,8,1,Segunda-feira,False,Almoco
2023050813,2023-05-08,13,2023,5,Maio,2,8,1,Segunda-feira,False,Almoco
2023050814,2023-05-08,14,2023,5,Maio,2,8,1,Segunda-feira,False,Almoco
2023050815,2023-05-08,15,2023,5,Maio,2,8,1,Segunda-feira,False,Tarde
2023050816,2023-05-08,16,2023,5,Maio,2,8,1,Segunda-feira,False,Tarde
2023050817,2023-05-08,17,2023,5,Maio,2,8,1,Segunda-feira,False,Tarde
2023050818,2023-05-08,18,2023,5,Maio,2,8,1,Segunda-feira,False,Tarde
2023050819,2023-05-08,19,2023,5,Maio,2,8,1,Segunda-feira,False,Noite
2023050820,2023-05-08,20,2023,5,Maio,2,8,1,Segunda-feira,False,Noite
2023050906,2023-05-09,6,2023,5,Maio,2,9,2,Terca-feira,False,Manha
2023050907,2023-05-09,7,2023,5,Maio,2,9,2,Terca-feira,False,Manha
2023050908,2023-05-09,8,2023,5,Maio,2,9,2,Terca-feira,False,Manha
2023050909,2023-05-09,9,2023,5,Maio,2,9,2,Terca-feira,False,Manha
2023050910,2023-05-09,10,2023,5,Maio,2,9,2,Terca-feira,False,Manha
2023050911,2023-05-09,11,2023,5,Maio,2,9,2,Terca-feira,False,Almoco
2023050912,2023-05-09,12,2023,5,Maio,2,9,2,Terca-feira,False,Almoco
2023050913,2023-05-09,13,2023,5,Maio,2,9,2,Terca-feira,False,Almoco
2023050914,2023-05-09,14,2023,5,Maio,2,9,2,Terca-feira,False,Almoco
2023050915,2023-05-09,15,2023,5,Maio,2,9,2,Terca-feira,False,Tarde
2023050916,2023-05-09,16,2023,5,Maio,2,9,2,Terca-feira,False,Tarde
2023050917,2023-05-09,17,2023,5,Maio,2,9,2,Terca-feira,False,Tarde
2023050918,2023-05-09,18,2023,5,Maio,2,9,2,Terca-feira,False,Tarde
2023050919,2023-05-09,19,2023,5,Maio,2,9,2,Terca-feira,False,Noite
2023050920,2023-05-09,20,2023,5,Maio,2,9,2,Terca-feira,False,Noite
2023051006,2023-05-10,6,2023,5,Maio,2,10,3,Quarta-feira,False,Manha
2023051007,2023-05-10,7,2023,5,Maio,2,10,3,Quarta-feira,False,Manha
2023051008,2023-05-10,8,2023,5,Maio,2,10,3,Quarta-feira,False,Manha
2023051009,2023-05-10,9,2023,5,Maio,2,10,3,Quarta-feira,False,Manha
2023051010,2023-05-10,10,2023,5,Maio,2,10,3,Quarta-feira,False,Manha
2023051011,2023-05-10,11,2023,5,Maio,2,10,3,Quarta-feira,False,Almoco
2023051012,2023-05-10,12,2023,5,Maio,2,10,3,Quarta-feira,False,Almoco
2023051013,2023-05-10,13,2023,5,Maio,2,10,3,Quarta-feira,False,Almoco
2023051014,2023-05-10,14,2023,5,Maio,2,10,3,Quarta-feira,False,Almoco
2023051015,2023-05-10,15,2023,5,Maio,2,10,3,Quarta-feira,False,Tarde
2023051016,2023-05-10,16,2023,5,Maio,2,10,3,Quarta-feira,False,Tarde
2023051017,2023-05-10,17,2023,5,Maio,2,10,3,Quarta-feira,False,Tarde
2023051018,2023-05-10,18,2023,5,Maio,2,10,3,Quarta-feira,False,Tarde
2023051019,2023-05-10,19,2023,5,Maio,2,10,3,Quarta-feira,False,Noite
2023051106,2023-05-11,6,2023,5,Maio,2,11,4,Quinta-feira,False,Manha
2023051107,2023-05-11,7,2023,5,Maio,2,11,4,Quinta-feira,False,Manha
2023051108,2023-05-11,8,2023,5,Maio,2,11,4,Quinta-feira,False,Manha
2023051109,2023-05-11,9,2023,5,Maio,2,11,4,Quinta-feira,False,Manha
2023051110,2023-05-11,10,2023,5,Maio,2,11,4,Quinta-feira,False,Manha
2023051111,2023-05-11,11,2023,5,Maio,2,11,4,Quinta-feira,False,Almoco
2023051112,2023-05-11,12,2023,5,Maio,2,11,4,Quinta-feira,False,Almoco
2023051113,2023-05-11,13,2023,5,Maio,2,11,4,Quinta-feira,False,Almoco
2023051114,2023-05-11,14,2023,5,Maio,2,11,4,Quinta-feira,False,Almoco
2023051115,2023-05-11,15,2023,5,Maio,2,11,4,Quinta-feira,False,Tarde
2023051116,2023-05-11,16,2023,5,Maio,2,11,4,Quinta-feira,False,Tarde
2023051117,2023-05-11,17,2023,5,Maio,2,11,4,Quinta-feira,False,Tarde
2023051118,2023-05-11,18,2023,5,Maio,2,11,4,Quinta-feira,False,Tarde
2023051119,2023-05-11,19,2023,5,Maio,2,11,4,Quinta-feira,False,Noite
2023051206,2023-05-12,6,2023,5,Maio,2,12,5,Sexta-feira,False,Manha
2023051207,2023-05-12,7,2023,5,Maio,2,12,5,Sexta-feira,False,Manha
2023051208,2023-05-12,8,2023,5,Maio,2,12,5,Sexta-feira,False,Manha
2023051209,2023-05-12,9,2023,5,Maio,2,12,5,Sexta-feira,False,Manha
2023051210,2023-05-12,10,2023,5,Maio,2,12,5,Sexta-feira,False,Manha
2023051211,2023-05-12,11,2023,5,Maio,2,12,5,Sexta-feira,False,Almoco
2023051212,2023-05-12,12,2023,5,Maio,2,12,5,Sexta-feira,False,Almoco
2023051213,2023-05-12,13,2023,5,Maio,2,12,5,Sexta-feira,False,Almoco
2023051214,2023-05-12,14,2023,5,Maio,2,12,5,Sexta-feira,False,Almoco
2023051215,2023-05-12,15,2023,5,Maio,2,12,5,Sexta-feira,False,Tarde
2023051216,2023-05-12,16,2023,5,Maio,2,12,5,Sexta-feira,False,Tarde
2023051217,2023-05-12,17,2023,5,Maio,2,12,5,Sexta-feira,False,Tarde
2023051218,2023-05-12,18,2023,5,Maio,2,12,5,Sexta-feira,False,Tarde
2023051219,2023-05-12,19,2023,5,Maio,2,12,5,Sexta-feira,False,Noite
2023051307,2023-05-13,7,2023,5,Maio,2,13,6,Sabado,True,Manha
2023051308,2023-05-13,8,2023,5,Maio,2,13,6,Sabado,True,Manha
2023051309,2023-05-13,9,2023,5,Maio,2,13,6,Sabado,True,Manha
2023051310,2023-05-13,10,2023,5,Maio,2,13,6,Sabado,True,Manha
2023051311,2023-05-13,11,2023,5,Maio,2,13,6,Sabado,True,Almoco
2023051312,2023-05-13,12,2023,5,Maio,2,13,6,Sabado,True,Almoco
2023051313,2023-05-13,13,2023,5,Maio,2,13,6,Sabado,True,Almoco
2023051314,2023-05-13,14,2023,5,Maio,2,13,6,Sabado,True,Almoco
2023051315,2023-05-13,15,2023,5,Maio,2,13,6,Sabado,True,Tarde
2023051316,2023-05-13,16,2023,5,Maio,2,13,6,Sabado,True,Tarde
2023051317,2023-05-13,17,2023,5,Maio,2,13,6,Sabado,True,Tarde
2023051318,2023-05-13,18,2023,5,Maio,2,13,6,Sabado,True,Tarde
2023051319,2023-05-13,19,2023,5,Maio,2,13,6,Sabado,True,Noite
2023051320,2023-05-13,20,2023,5,Maio,2,13,6,Sabado,True,Noite
2023051407,2023-05-14,7,2023,5,Maio,2,14,7,Domingo,True,Manha
2023051408,2023-05-14,8,2023,5,Maio,2,14,7,Domingo,True,Manha
2023051409,2023-05-14,9,2023,5,Maio,2,14,7,Domingo,True,Manha
2023051410,2023-05-14,10,2023,5,Maio,2,14,7,Domingo,True,Manha
2023051411,2023-05-14,11,2023,5,Maio,2,14,7,Domingo,True,Almoco
2023051412,2023-05-14,12,2023,5,Maio,2,14,7,Domingo,True,Almoco
2023051413,2023-05-14,13,2023,5,Maio,2,14,7,Domingo,True,Almoco
2023051414,2023-05-14,14,2023,5,Maio,2,14,7,Domingo,True,Almoco
2023051415,2023-05-14,15,2023,5,Maio,2,14,7,Domingo,True,Tarde
2023051416,2023-05-14,16,2023,5,Maio,2,14,7,Domingo,True,Tarde
2023051417,2023-05-14,17,2023,5,Maio,2,14,7,Domingo,True,Tarde
2023051418,2023-05-14,18,2023,5,Maio,2,14,7,Domingo,True,Tarde
2023051419,2023-05-14,19,2023,5,Maio,2,14,7,Domingo,True,Noite
2023051420,2023-05-14,20,2023,5,Maio,2,14,7,Domingo,True,Noite
2023051506,2023-05-15,6,2023,5,Maio,2,15,1,Segunda-feira,False,Manha
2023051507,2023-05-15,7,2023,5,Maio,2,15,1,Segunda-feira,False,Manha
2023051508,2023-05-15,8,2023,5,Maio,2,15,1,Segunda-feira,False,Manha
2023051509,2023-05-15,9,2023,5,Maio,2,15,1,Segunda-feira,False,Manha
2023051510,2023-05-15,10,2023,5,Maio,2,15,1,Segunda-feira,False,Manha
2023051511,2023-05-15,11,2023,5,Maio,2,15,1,Segunda-feira,False,Almoco
2023051512,2023-05-15,12,2023,5,Maio,2,15,1,Segunda-feira,False,Almoco
2023051513,2023-05-15,13,2023,5,Maio,2,15,1,Segunda-feira,False,Almoco
2023051514,2023-05-15,14,2023,5,Maio,2,15,1,Segunda-feira,False,Almoco
2023051515,2023-05-15,15,2023,5,Maio,2,15,1,Segunda-feira,False,Tarde
2023051516,2023-05-15,16,2023,5,Maio,2,15,1,Segunda-feira,False,Tarde
2023051517,2023-05-15,17,2023,5,Maio,2,15,1,Segunda-feira,False,Tarde
2023051518,2023-05-15,18,2023,5,Maio,2,15,1,Segunda-feira,False,Tarde
2023051519,2023-05-15,19,2023,5,Maio,2,15,1,Segunda-feira,False,Noite
2023051606,2023-05-16,6,2023,5,Maio,2,16,2,Terca-feira,False,Manha
2023051607,2023-05-16,7,2023,5,Maio,2,16,2,Terca-feira,False,Manha
2023051608,2023-05-16,8,2023,5,Maio,2,16,2,Terca-feira,False,Manha
2023051609,2023-05-16,9,2023,5,Maio,2,16,2,Terca-feira,False,Manha
2023051610,2023-05-16,10,2023,5,Maio,2,16,2,Terca-feira,False,Manha
2023051611,2023-05-16,11,2023,5,Maio,2,16,2,Terca-feira,False,Almoco
2023051612,2023-05-16,12,2023,5,Maio,2,16,2,Terca-feira,False,Almoco
2023051613,2023-05-16,13,2023,5,Maio,2,16,2,Terca-feira,False,Almoco
2023051614,2023-05-16,14,2023,5,Maio,2,16,2,Terca-feira,False,Almoco
2023051615,2023-05-16,15,2023,5,Maio,2,16,2,Terca-feira,False,Tarde
2023051616,2023-05-16,16,2023,5,Maio,2,16,2,Terca-feira,False,Tarde
2023051617,2023-05-16,17,2023,5,Maio,2,16,2,Terca-feira,False,Tarde
2023051618,2023-05-16,18,2023,5,Maio,2,16,2,Terca-feira,False,Tarde
2023051619,2023-05-16,19,2023,5,Maio,2,16,2,Terca-feira,False,Noite
2023051706,2023-05-17,6,2023,5,Maio,2,17,3,Quarta-feira,False,Manha
2023051707,2023-05-17,7,2023,5,Maio,2,17,3,Quarta-feira,False,Manha
2023051708,2023-05-17,8,2023,5,Maio,2,17,3,Quarta-feira,False,Manha
2023051709,2023-05-17,9,2023,5,Maio,2,17,3,Quarta-feira,False,Manha
2023051710,2023-05-17,10,2023,5,Maio,2,17,3,Quarta-feira,False,Manha
2023051711,2023-05-17,11,2023,5,Maio,2,17,3,Quarta-feira,False,Almoco
2023051712,2023-05-17,12,2023,5,Maio,2,17,3,Quarta-feira,False,Almoco
2023051713,2023-05-17,13,2023,5,Maio,2,17,3,Quarta-feira,False,Almoco
2023051714,2023-05-17,14,2023,5,Maio,2,17,3,Quarta-feira,False,Almoco
2023051715,2023-05-17,15,2023,5,Maio,2,17,3,Quarta-feira,False,Tarde
2023051716,2023-05-17,16,2023,5,Maio,2,17,3,Quarta-feira,False,Tarde
2023051717,2023-05-17,17,2023,5,Maio,2,17,3,Quarta-feira,False,Tarde
2023051718,2023-05-17,18,2023,5,Maio,2,17,3,Quarta-feira,False,Tarde
2023051719,2023-05-17,19,2023,5,Maio,2,17,3,Quarta-feira,False,Noite
2023051806,2023-05-18,6,2023,5,Maio,2,18,4,Quinta-feira,False,Manha
2023051807,2023-05-18,7,2023,5,Maio,2,18,4,Quinta-feira,False,Manha
2023051808,2023-05-18,8,2023,5,Maio,2,18,4,Quinta-feira,False,Manha
2023051809,2023-05-18,9,2023,5,Maio,2,18,4,Quinta-feira,False,Manha
2023051810,2023-05-18,10,2023,5,Maio,2,18,4,Quinta-feira,False,Manha
2023051811,2023-05-18,11,2023,5,Maio,2,18,4,Quinta-feira,False,Almoco
2023051812,2023-05-18,12,2023,5,Maio,2,18,4,Quinta-feira,False,Almoco
2023051813,2023-05-18,13,2023,5,Maio,2,18,4,Quinta-feira,False,Almoco
2023051814,2023-05-18,14,2023,5,Maio,2,18,4,Quinta-feira,False,Almoco
2023051815,2023-05-18,15,2023,5,Maio,2,18,4,Quinta-feira,False,Tarde
2023051816,2023-05-18,16,2023,5,Maio,2,18,4,Quinta-feira,False,Tarde
2023051817,2023-05-18,17,2023,5,Maio,2,18,4,Quinta-feira,False,Tarde
2023051818,2023-05-18,18,2023,5,Maio,2,18,4,Quinta-feira,False,Tarde
2023051819,2023-05-18,19,2023,5,Maio,2,18,4,Quinta-feira,False,Noite
2023051906,2023-05-19,6,2023,5,Maio,2,19,5,Sexta-feira,False,Manha
2023051907,2023-05-19,7,2023,5,Maio,2,19,5,Sexta-feira,False,Manha
2023051908,2023-05-19,8,2023,5,Maio,2,19,5,Sexta-feira,False,Manha
2023051909,2023-05-19,9,2023,5,Maio,2,19,5,Sexta-feira,False,Manha
2023051910,2023-05-19,10,2023,5,Maio,2,19,5,Sexta-feira,False,Manha
2023051911,2023-05-19,11,2023,5,Maio,2,19,5,Sexta-feira,False,Almoco
2023051912,2023-05-19,12,2023,5,Maio,2,19,5,Sexta-feira,False,Almoco
2023051913,2023-05-19,13,2023,5,Maio,2,19,5,Sexta-feira,False,Almoco
2023051914,2023-05-19,14,2023,5,Maio,2,19,5,Sexta-feira,False,Almoco
2023051915,2023-05-19,15,2023,5,Maio,2,19,5,Sexta-feira,False,Tarde
2023051916,2023-05-19,16,2023,5,Maio,2,19,5,Sexta-feira,False,Tarde
2023051917,2023-05-19,17,2023,5,Maio,2,19,5,Sexta-feira,False,Tarde
2023051918,2023-05-19,18,2023,5,Maio,2,19,5,Sexta-feira,False,Tarde
2023051919,2023-05-19,19,2023,5,Maio,2,19,5,Sexta-feira,False,Noite
2023052007,2023-05-20,7,2023,5,Maio,2,20,6,Sabado,True,Manha
2023052008,2023-05-20,8,2023,5,Maio,2,20,6,Sabado,True,Manha
2023052009,2023-05-20,9,2023,5,Maio,2,20,6,Sabado,True,Manha
2023052010,2023-05-20,10,2023,5,Maio,2,20,6,Sabado,True,Manha
2023052011,2023-05-20,11,2023,5,Maio,2,20,6,Sabado,True,Almoco
2023052012,2023-05-20,12,2023,5,Maio,2,20,6,Sabado,True,Almoco
2023052013,2023-05-20,13,2023,5,Maio,2,20,6,Sabado,True,Almoco
2023052014,2023-05-20,14,2023,5,Maio,2,20,6,Sabado,True,Almoco
2023052015,2023-05-20,15,2023,5,Maio,2,20,6,Sabado,True,Tarde
2023052016,2023-05-20,16,2023,5,Maio,2,20,6,Sabado,True,Tarde
2023052017,2023-05-20,17,2023,5,Maio,2,20,6,Sabado,True,Tarde
2023052018,2023-05-20,18,2023,5,Maio,2,20,6,Sabado,True,Tarde
2023052019,2023-05-20,19,2023,5,Maio,2,20,6,Sabado,True,Noite
2023052020,2023-05-20,20,2023,5,Maio,2,20,6,Sabado,True,Noite
2023052107,2023-05-21,7,2023,5,Maio,2,21,7,Domingo,True,Manha
2023052108,2023-05-21,8,2023,5,Maio,2,21,7,Domingo,True,Manha
2023052109,2023-05-21,9,2023,5,Maio,2,21,7,Domingo,True,Manha
2023052110,2023-05-21,10,2023,5,Maio,2,21,7,Domingo,True,Manha
2023052111,2023-05-21,11,2023,5,Maio,2,21,7,Domingo,True,Almoco
2023052112,2023-05-21,12,2023,5,Maio,2,21,7,Domingo,True,Almoco
2023052113,2023-05-21,13,2023,5,Maio,2,21,7,Domingo,True,Almoco
2023052114,2023-05-21,14,2023,5,Maio,2,21,7,Domingo,True,Almoco
2023052115,2023-05-21,15,2023,5,Maio,2,21,7,Domingo,True,Tarde
2023052116,2023-05-21,16,2023,5,Maio,2,21,7,Domingo,True,Tarde
2023052117,2023-05-21,17,2023,5,Maio,2,21,7,Domingo,True,Tarde
2023052118,2023-05-21,18,2023,5,Maio,2,21,7,Domingo,True,Tarde
2023052119,2023-05-21,19,2023,5,Maio,2,21,7,Domingo,True,Noite
2023052120,2023-05-21,20,2023,5,Maio,2,21,7,Domingo,True,Noite
2023052206,2023-05-22,6,2023,5,Maio,2,22,1,Segunda-feira,False,Manha
2023052207,2023-05-22,7,2023,5,Maio,2,22,1,Segunda-feira,False,Manha
2023052208,2023-05-22,8,2023,5,Maio,2,22,1,Segunda-feira,False,Manha
2023052209,2023-05-22,9,2023,5,Maio,2,22,1,Segunda-feira,False,Manha
2023052210,2023-05-22,10,2023,5,Maio,2,22,1,Segunda-feira,False,Manha
2023052211,2023-05-22,11,2023,5,Maio,2,22,1,Segunda-feira,False,Almoco
2023052212,2023-05-22,12,2023,5,Maio,2,22,1,Segunda-feira,False,Almoco
2023052213,2023-05-22,13,2023,5,Maio,2,22,1,Segunda-feira,False,Almoco
2023052214,2023-05-22,14,2023,5,Maio,2,22,1,Segunda-feira,False,Almoco
2023052215,2023-05-22,15,2023,5,Maio,2,22,1,Segunda-feira,False,Tarde
2023052216,2023-05-22,16,2023,5,Maio,2,22,1,Segunda-feira,False,Tarde
2023052217,2023-05-22,17,2023,5,Maio,2,22,1,Segunda-feira,False,Tarde
2023052218,2023-05-22,18,2023,5,Maio,2,22,1,Segunda-feira,False,Tarde
2023052219,2023-05-22,19,2023,5,Maio,2,22,1,Segunda-feira,False,Noite
2023052306,2023-05-23,6,2023,5,Maio,2,23,2,Terca-feira,False,Manha
2023052307,2023-05-23,7,2023,5,Maio,2,23,2,Terca-feira,False,Manha
2023052308,2023-05-23,8,2023,5,Maio,2,23,2,Terca-feira,False,Manha
2023052309,2023-05-23,9,2023,5,Maio,2,23,2,Terca-feira,False,Manha
2023052310,2023-05-23,10,2023,5,Maio,2,23,2,Terca-feira,False,Manha
2023052311,2023-05-23,11,2023,5,Maio,2,23,2,Terca-feira,False,Almoco
2023052312,2023-05-23,12,2023,5,Maio,2,23,2,Terca-feira,False,Almoco
2023052313,2023-05-23,13,2023,5,Maio,2,23,2,Terca-feira,False,Almoco
2023052314,2023-05-23,14,2023,5,Maio,2,23,2,Terca-feira,False,Almoco
2023052315,2023-05-23,15,2023,5,Maio,2,23,2,Terca-feira,False,Tarde
2023052316,2023-05-23,16,2023,5,Maio,2,23,2,Terca-feira,False,Tarde
2023052317,2023-05-23,17,2023,5,Maio,2,23,2,Terca-feira,False,Tarde
2023052318,2023-05-23,18,2023,5,Maio,2,23,2,Terca-feira,False,Tarde
2023052319,2023-05-23,19,2023,5,Maio,2,23,2,Terca-feira,False,Noite
2023052406,2023-05-24,6,2023,5,Maio,2,24,3,Quarta-feira,False,Manha
2023052407,2023-05-24,7,2023,5,Maio,2,24,3,Quarta-feira,False,Manha
2023052408,2023-05-24,8,2023,5,Maio,2,24,3,Quarta-feira,False,Manha
2023052409,2023-05-24,9,2023,5,Maio,2,24,3,Quarta-feira,False,Manha
2023052410,2023-05-24,10,2023,5,Maio,2,24,3,Quarta-feira,False,Manha
2023052411,2023-05-24,11,2023,5,Maio,2,24,3,Quarta-feira,False,Almoco
2023052412,2023-05-24,12,2023,5,Maio,2,24,3,Quarta-feira,False,Almoco
2023052413,2023-05-24,13,2023,5,Maio,2,24,3,Quarta-feira,False,Almoco
2023052414,2023-05-24,14,2023,5,Maio,2,24,3,Quarta-feira,False,Almoco
2023052415,2023-05-24,15,2023,5,Maio,2,24,3,Quarta-feira,False,Tarde
2023052416,2023-05-24,16,2023,5,Maio,2,24,3,Quarta-feira,False,Tarde
2023052417,2023-05-24,17,2023,5,Maio,2,24,3,Quarta-feira,False,Tarde
2023052418,2023-05-24,18,2023,5,Maio,2,24,3,Quarta-feira,False,Tarde
2023052419,2023-05-24,19,2023,5,Maio,2,24,3,Quarta-feira,False,Noite
2023052506,2023-05-25,6,2023,5,Maio,2,25,4,Quinta-feira,False,Manha
2023052507,2023-05-25,7,2023,5,Maio,2,25,4,Quinta-feira,False,Manha
2023052508,2023-05-25,8,2023,5,Maio,2,25,4,Quinta-feira,False,Manha
2023052509,2023-05-25,9,2023,5,Maio,2,25,4,Quinta-feira,False,Manha
2023052510,2023-05-25,10,2023,5,Maio,2,25,4,Quinta-feira,False,Manha
2023052511,2023-05-25,11,2023,5,Maio,2,25,4,Quinta-feira,False,Almoco
2023052512,2023-05-25,12,2023,5,Maio,2,25,4,Quinta-feira,False,Almoco
2023052513,2023-05-25,13,2023,5,Maio,2,25,4,Quinta-feira,False,Almoco
2023052514,2023-05-25,14,2023,5,Maio,2,25,4,Quinta-feira,False,Almoco
2023052515,2023-05-25,15,2023,5,Maio,2,25,4,Quinta-feira,False,Tarde
2023052516,2023-05-25,16,2023,5,Maio,2,25,4,Quinta-feira,False,Tarde
2023052517,2023-05-25,17,2023,5,Maio,2,25,4,Quinta-feira,False,Tarde
2023052518,2023-05-25,18,2023,5,Maio,2,25,4,Quinta-feira,False,Tarde
2023052519,2023-05-25,19,2023,5,Maio,2,25,4,Quinta-feira,False,Noite
2023052606,2023-05-26,6,2023,5,Maio,2,26,5,Sexta-feira,False,Manha
2023052607,2023-05-26,7,2023,5,Maio,2,26,5,Sexta-feira,False,Manha
2023052608,2023-05-26,8,2023,5,Maio,2,26,5,Sexta-feira,False,Manha
2023052609,2023-05-26,9,2023,5,Maio,2,26,5,Sexta-feira,False,Manha
2023052610,2023-05-26,10,2023,5,Maio,2,26,5,Sexta-feira,False,Manha
2023052611,2023-05-26,11,2023,5,Maio,2,26,5,Sexta-feira,False,Almoco
2023052612,2023-05-26,12,2023,5,Maio,2,26,5,Sexta-feira,False,Almoco
2023052613,2023-05-26,13,2023,5,Maio,2,26,5,Sexta-feira,False,Almoco
2023052614,2023-05-26,14,2023,5,Maio,2,26,5,Sexta-feira,False,Almoco
2023052615,2023-05-26,15,2023,5,Maio,2,26,5,Sexta-feira,False,Tarde
2023052616,2023-05-26,16,2023,5,Maio,2,26,5,Sexta-feira,False,Tarde
2023052617,2023-05-26,17,2023,5,Maio,2,26,5,Sexta-feira,False,Tarde
2023052618,2023-05-26,18,2023,5,Maio,2,26,5,Sexta-feira,False,Tarde
2023052619,2023-05-26,19,2023,5,Maio,2,26,5,Sexta-feira,False,Noite
2023052707,2023-05-27,7,2023,5,Maio,2,27,6,Sabado,True,Manha
2023052708,2023-05-27,8,2023,5,Maio,2,27,6,Sabado,True,Manha
2023052709,2023-05-27,9,2023,5,Maio,2,27,6,Sabado,True,Manha
2023052710,2023-05-27,10,2023,5,Maio,2,27,6,Sabado,True,Manha
2023052711,2023-05-27,11,2023,5,Maio,2,27,6,Sabado,True,Almoco
2023052712,2023-05-27,12,2023,5,Maio,2,27,6,Sabado,True,Almoco
2023052713,2023-05-27,13,2023,5,Maio,2,27,6,Sabado,True,Almoco
2023052714,2023-05-27,14,2023,5,Maio,2,27,6,Sabado,True,Almoco
2023052715,2023-05-27,15,2023,5,Maio,2,27,6,Sabado,True,Tarde
2023052716,2023-05-27,16,2023,5,Maio,2,27,6,Sabado,True,Tarde
2023052717,2023-05-27,17,2023,5,Maio,2,27,6,Sabado,True,Tarde
2023052718,2023-05-27,18,2023,5,Maio,2,27,6,Sabado,True,Tarde
2023052719,2023-05-27,19,2023,5,Maio,2,27,6,Sabado,True,Noite
2023052720,2023-05-27,20,2023,5,Maio,2,27,6,Sabado,True,Noite
2023052807,2023-05-28,7,2023,5,Maio,2,28,7,Domingo,True,Manha
2023052808,2023-05-28,8,2023,5,Maio,2,28,7,Domingo,True,Manha
2023052809,2023-05-28,9,2023,5,Maio,2,28,7,Domingo,True,Manha
2023052810,2023-05-28,10,2023,5,Maio,2,28,7,Domingo,True,Manha
2023052811,2023-05-28,11,2023,5,Maio,2,28,7,Domingo,True,Almoco
2023052812,2023-05-28,12,2023,5,Maio,2,28,7,Domingo,True,Almoco
2023052813,2023-05-28,13,2023,5,Maio,2,28,7,Domingo,True,Almoco
2023052814,2023-05-28,14,2023,5,Maio,2,28,7,Domingo,True,Almoco
2023052815,2023-05-28,15,2023,5,Maio,2,28,7,Domingo,True,Tarde
2023052816,2023-05-28,16,2023,5,Maio,2,28,7,Domingo,True,Tarde
2023052817,2023-05-28,17,2023,5,Maio,2,28,7,Domingo,True,Tarde
2023052818,2023-05-28,18,2023,5,Maio,2,28,7,Domingo,True,Tarde
2023052819,2023-05-28,19,2023,5,Maio,2,28,7,Domingo,True,Noite
2023052907,2023-05-29,7,2023,5,Maio,2,29,1,Segunda-feira,False,Manha
2023052908,2023-05-29,8,2023,5,Maio,2,29,1,Segunda-feira,False,Manha
2023052909,2023-05-29,9,2023,5,Maio,2,29,1,Segunda-feira,False,Manha
2023052910,2023-05-29,10,2023,5,Maio,2,29,1,Segunda-feira,False,Manha
2023052911,2023-05-29,11,2023,5,Maio,2,29,1,Segunda-feira,False,Almoco
2023052912,2023-05-29,12,2023,5,Maio,2,29,1,Segunda-feira,False,Almoco
2023052913,2023-05-29,13,2023,5,Maio,2,29,1,Segunda-feira,False,Almoco
2023052914,2023-05-29,14,2023,5,Maio,2,29,1,Segunda-feira,False,Almoco
2023052915,2023-05-29,15,2023,5,Maio,2,29,1,Segunda-feira,False,Tarde
2023052916,2023-05-29,16,2023,5,Maio,2,29,1,Segunda-feira,False,Tarde
2023052917,2023-05-29,17,2023,5,Maio,2,29,1,Segunda-feira,False,Tarde
2023052918,2023-05-29,18,2023,5,Maio,2,29,1,Segunda-feira,False,Tarde
2023052919,2023-05-29,19,2023,5,Maio,2,29,1,Segunda-feira,False,Noite
2023053006,2023-05-30,6,2023,5,Maio,2,30,2,Terca-feira,False,Manha
2023053007,2023-05-30,7,2023,5,Maio,2,30,2,Terca-feira,False,Manha
2023053008,2023-05-30,8,2023,5,Maio,2,30,2,Terca-feira,False,Manha
2023053009,2023-05-30,9,2023,5,Maio,2,30,2,Terca-feira,False,Manha
2023053010,2023-05-30,10,2023,5,Maio,2,30,2,Terca-feira,False,Manha
2023053011,2023-05-30,11,2023,5,Maio,2,30,2,Terca-feira,False,Almoco
2023053012,2023-05-30,12,2023,5,Maio,2,30,2,Terca-feira,False,Almoco
2023053013,2023-05-30,13,2023,5,Maio,2,30,2,Terca-feira,False,Almoco
2023053014,2023-05-30,14,2023,5,Maio,2,30,2,Terca-feira,False,Almoco
2023053015,2023-05-30,15,2023,5,Maio,2,30,2,Terca-feira,False,Tarde
2023053016,2023-05-30,16,2023,5,Maio,2,30,2,Terca-feira,False,Tarde
2023053017,2023-05-30,17,2023,5,Maio,2,30,2,Terca-feira,False,Tarde
2023053018,2023-05-30,18,2023,5,Maio,2,30,2,Terca-feira,False,Tarde
2023053019,2023-05-30,19,2023,5,Maio,2,30,2,Terca-feira,False,Noite
2023053106,2023-05-31,6,2023,5,Maio,2,31,3,Quarta-feira,False,Manha
2023053107,2023-05-31,7,2023,5,Maio,2,31,3,Quarta-feira,False,Manha
2023053108,2023-05-31,8,2023,5,Maio,2,31,3,Quarta-feira,False,Manha
2023053109,2023-05-31,9,2023,5,Maio,2,31,3,Quarta-feira,False,Manha
2023053110,2023-05-31,10,2023,5,Maio,2,31,3,Quarta-feira,False,Manha
2023053111,2023-05-31,11,2023,5,Maio,2,31,3,Quarta-feira,False,Almoco
2023053112,2023-05-31,12,2023,5,Maio,2,31,3,Quarta-feira,False,Almoco
2023053113,2023-05-31,13,2023,5,Maio,2,31,3,Quarta-feira,False,Almoco
2023053114,2023-05-31,14,2023,5,Maio,2,31,3,Quarta-feira,False,Almoco
2023053115,2023-05-31,15,2023,5,Maio,2,31,3,Quarta-feira,False,Tarde
2023053116,2023-05-31,16,2023,5,Maio,2,31,3,Quarta-feira,False,Tarde
2023053117,2023-05-31,17,2023,5,Maio,2,31,3,Quarta-feira,False,Tarde
2023053118,2023-05-31,18,2023,5,Maio,2,31,3,Quarta-feira,False,Tarde
2023053119,2023-05-31,19,2023,5,Maio,2,31,3,Quarta-feira,False,Noite
2023053120,2023-05-31,20,2023,5,Maio,2,31,3,Quarta-feira,False,Noite
2023060107,2023-06-01,7,2023,6,Junho,2,1,4,Quinta-feira,False,Manha
2023060108,2023-06-01,8,2023,6,Junho,2,1,4,Quinta-feira,False,Manha
2023060109,2023-06-01,9,2023,6,Junho,2,1,4,Quinta-feira,False,Manha
2023060110,2023-06-01,10,2023,6,Junho,2,1,4,Quinta-feira,False,Manha
2023060111,2023-06-01,11,2023,6,Junho,2,1,4,Quinta-feira,False,Almoco
2023060112,2023-06-01,12,2023,6,Junho,2,1,4,Quinta-feira,False,Almoco
2023060113,2023-06-01,13,2023,6,Junho,2,1,4,Quinta-feira,False,Almoco
2023060114,2023-06-01,14,2023,6,Junho,2,1,4,Quinta-feira,False,Almoco
2023060115,2023-06-01,15,2023,6,Junho,2,1,4,Quinta-feira,False,Tarde
2023060116,2023-06-01,16,2023,6,Junho,2,1,4,Quinta-feira,False,Tarde
2023060117,2023-06-01,17,2023,6,Junho,2,1,4,Quinta-feira,False,Tarde
2023060118,2023-06-01,18,2023,6,Junho,2,1,4,Quinta-feira,False,Tarde
2023060119,2023-06-01,19,2023,6,Junho,2,1,4,Quinta-feira,False,Noite
2023060207,2023-06-02,7,2023,6,Junho,2,2,5,Sexta-feira,False,Manha
2023060208,2023-06-02,8,2023,6,Junho,2,2,5,Sexta-feira,False,Manha
2023060209,2023-06-02,9,2023,6,Junho,2,2,5,Sexta-feira,False,Manha
2023060210,2023-06-02,10,2023,6,Junho,2,2,5,Sexta-feira,False,Manha
2023060211,2023-06-02,11,2023,6,Junho,2,2,5,Sexta-feira,False,Almoco
2023060212,2023-06-02,12,2023,6,Junho,2,2,5,Sexta-feira,False,Almoco
2023060213,2023-06-02,13,2023,6,Junho,2,2,5,Sexta-feira,False,Almoco
2023060214,2023-06-02,14,2023,6,Junho,2,2,5,Sexta-feira,False,Almoco
2023060215,2023-06-02,15,2023,6,Junho,2,2,5,Sexta-feira,False,Tarde
2023060216,2023-06-02,16,2023,6,Junho,2,2,5,Sexta-feira,False,Tarde
2023060217,2023-06-02,17,2023,6,Junho,2,2,5,Sexta-feira,False,Tarde
2023060218,2023-06-02,18,2023,6,Junho,2,2,5,Sexta-feira,False,Tarde
2023060219,2023-06-02,19,2023,6,Junho,2,2,5,Sexta-feira,False,Noite
2023060307,2023-06-03,7,2023,6,Junho,2,3,6,Sabado,True,Manha
2023060308,2023-06-03,8,2023,6,Junho,2,3,6,Sabado,True,Manha
2023060309,2023-06-03,9,2023,6,Junho,2,3,6,Sabado,True,Manha
2023060310,2023-06-03,10,2023,6,Junho,2,3,6,Sabado,True,Manha
2023060311,2023-06-03,11,2023,6,Junho,2,3,6,Sabado,True,Almoco
2023060312,2023-06-03,12,2023,6,Junho,2,3,6,Sabado,True,Almoco
2023060313,2023-06-03,13,2023,6,Junho,2,3,6,Sabado,True,Almoco
2023060314,2023-06-03,14,2023,6,Junho,2,3,6,Sabado,True,Almoco
2023060315,2023-06-03,15,2023,6,Junho,2,3,6,Sabado,True,Tarde
2023060316,2023-06-03,16,2023,6,Junho,2,3,6,Sabado,True,Tarde
2023060317,2023-06-03,17,2023,6,Junho,2,3,6,Sabado,True,Tarde
2023060318,2023-06-03,18,2023,6,Junho,2,3,6,Sabado,True,Tarde
2023060319,2023-06-03,19,2023,6,Junho,2,3,6,Sabado,True,Noite
2023060407,2023-06-04,7,2023,6,Junho,2,4,7,Domingo,True,Manha
2023060408,2023-06-04,8,2023,6,Junho,2,4,7,Domingo,True,Manha
2023060409,2023-06-04,9,2023,6,Junho,2,4,7,Domingo,True,Manha
2023060410,2023-06-04,10,2023,6,Junho,2,4,7,Domingo,True,Manha
2023060411,2023-06-04,11,2023,6,Junho,2,4,7,Domingo,True,Almoco
2023060412,2023-06-04,12,2023,6,Junho,2,4,7,Domingo,True,Almoco
2023060413,2023-06-04,13,2023,6,Junho,2,4,7,Domingo,True,Almoco
2023060414,2023-06-04,14,2023,6,Junho,2,4,7,Domingo,True,Almoco
2023060415,2023-06-04,15,2023,6,Junho,2,4,7,Domingo,True,Tarde
2023060416,2023-06-04,16,2023,6,Junho,2,4,7,Domingo,True,Tarde
2023060417,2023-06-04,17,2023,6,Junho,2,4,7,Domingo,True,Tarde
2023060418,2023-06-04,18,2023,6,Junho,2,4,7,Domingo,True,Tarde
2023060419,2023-06-04,19,2023,6,Junho,2,4,7,Domingo,True,Noite
2023060507,2023-06-05,7,2023,6,Junho,2,5,1,Segunda-feira,False,Manha
2023060508,2023-06-05,8,2023,6,Junho,2,5,1,Segunda-feira,False,Manha
2023060509,2023-06-05,9,2023,6,Junho,2,5,1,Segunda-feira,False,Manha
2023060510,2023-06-05,10,2023,6,Junho,2,5,1,Segunda-feira,False,Manha
2023060511,2023-06-05,11,2023,6,Junho,2,5,1,Segunda-feira,False,Almoco
2023060512,2023-06-05,12,2023,6,Junho,2,5,1,Segunda-feira,False,Almoco
2023060513,2023-06-05,13,2023,6,Junho,2,5,1,Segunda-feira,False,Almoco
2023060514,2023-06-05,14,2023,6,Junho,2,5,1,Segunda-feira,False,Almoco
2023060515,2023-06-05,15,2023,6,Junho,2,5,1,Segunda-feira,False,Tarde
2023060516,2023-06-05,16,2023,6,Junho,2,5,1,Segunda-feira,False,Tarde
2023060517,2023-06-05,17,2023,6,Junho,2,5,1,Segunda-feira,False,Tarde
2023060518,2023-06-05,18,2023,6,Junho,2,5,1,Segunda-feira,False,Tarde
2023060519,2023-06-05,19,2023,6,Junho,2,5,1,Segunda-feira,False,Noite
2023060607,2023-06-06,7,2023,6,Junho,2,6,2,Terca-feira,False,Manha
2023060608,2023-06-06,8,2023,6,Junho,2,6,2,Terca-feira,False,Manha
2023060609,2023-06-06,9,2023,6,Junho,2,6,2,Terca-feira,False,Manha
2023060610,2023-06-06,10,2023,6,Junho,2,6,2,Terca-feira,False,Manha
2023060611,2023-06-06,11,2023,6,Junho,2,6,2,Terca-feira,False,Almoco
2023060612,2023-06-06,12,2023,6,Junho,2,6,2,Terca-feira,False,Almoco
2023060613,2023-06-06,13,2023,6,Junho,2,6,2,Terca-feira,False,Almoco
2023060614,2023-06-06,14,2023,6,Junho,2,6,2,Terca-feira,False,Almoco
2023060615,2023-06-06,15,2023,6,Junho,2,6,2,Terca-feira,False,Tarde
2023060616,2023-06-06,16,2023,6,Junho,2,6,2,Terca-feira,False,Tarde
2023060617,2023-06-06,17,2023,6,Junho,2,6,2,Terca-feira,False,Tarde
2023060618,2023-06-06,18,2023,6,Junho,2,6,2,Terca-feira,False,Tarde
2023060619,2023-06-06,19,2023,6,Junho,2,6,2,Terca-feira,False,Noite
2023060706,2023-06-07,6,2023,6,Junho,2,7,3,Quarta-feira,False,Manha
2023060707,2023-06-07,7,2023,6,Junho,2,7,3,Quarta-feira,False,Manha
2023060708,2023-06-07,8,2023,6,Junho,2,7,3,Quarta-feira,False,Manha
2023060709,2023-06-07,9,2023,6,Junho,2,7,3,Quarta-feira,False,Manha
2023060710,2023-06-07,10,2023,6,Junho,2,7,3,Quarta-feira,False,Manha
2023060711,2023-06-07,11,2023,6,Junho,2,7,3,Quarta-feira,False,Almoco
2023060712,2023-06-07,12,2023,6,Junho,2,7,3,Quarta-feira,False,Almoco
2023060713,2023-06-07,13,2023,6,Junho,2,7,3,Quarta-feira,False,Almoco
2023060714,2023-06-07,14,2023,6,Junho,2,7,3,Quarta-feira,False,Almoco
2023060715,2023-06-07,15,2023,6,Junho,2,7,3,Quarta-feira,False,Tarde
2023060716,2023-06-07,16,2023,6,Junho,2,7,3,Quarta-feira,False,Tarde
2023060717,2023-06-07,17,2023,6,Junho,2,7,3,Quarta-feira,False,Tarde
2023060718,2023-06-07,18,2023,6,Junho,2,7,3,Quarta-feira,False,Tarde
2023060719,2023-06-07,19,2023,6,Junho,2,7,3,Quarta-feira,False,Noite
2023060720,2023-06-07,20,2023,6,Junho,2,7,3,Quarta-feira,False,Noite
2023060806,2023-06-08,6,2023,6,Junho,2,8,4,Quinta-feira,False,Manha
2023060807,2023-06-08,7,2023,6,Junho,2,8,4,Quinta-feira,False,Manha
2023060808,2023-06-08,8,2023,6,Junho,2,8,4,Quinta-feira,False,Manha
2023060809,2023-06-08,9,2023,6,Junho,2,8,4,Quinta-feira,False,Manha
2023060810,2023-06-08,10,2023,6,Junho,2,8,4,Quinta-feira,False,Manha
2023060811,2023-06-08,11,2023,6,Junho,2,8,4,Quinta-feira,False,Almoco
2023060812,2023-06-08,12,2023,6,Junho,2,8,4,Quinta-feira,False,Almoco
2023060813,2023-06-08,13,2023,6,Junho,2,8,4,Quinta-feira,False,Almoco
2023060814,2023-06-08,14,2023,6,Junho,2,8,4,Quinta-feira,False,Almoco
2023060815,2023-06-08,15,2023,6,Junho,2,8,4,Quinta-feira,False,Tarde
2023060816,2023-06-08,16,2023,6,Junho,2,8,4,Quinta-feira,False,Tarde
2023060817,2023-06-08,17,2023,6,Junho,2,8,4,Quinta-feira,False,Tarde
2023060818,2023-06-08,18,2023,6,Junho,2,8,4,Quinta-feira,False,Tarde
2023060819,2023-06-08,19,2023,6,Junho,2,8,4,Quinta-feira,False,Noite
2023060820,2023-06-08,20,2023,6,Junho,2,8,4,Quinta-feira,False,Noite
2023060906,2023-06-09,6,2023,6,Junho,2,9,5,Sexta-feira,False,Manha
2023060907,2023-06-09,7,2023,6,Junho,2,9,5,Sexta-feira,False,Manha
2023060908,2023-06-09,8,2023,6,Junho,2,9,5,Sexta-feira,False,Manha
2023060909,2023-06-09,9,2023,6,Junho,2,9,5,Sexta-feira,False,Manha
2023060910,2023-06-09,10,2023,6,Junho,2,9,5,Sexta-feira,False,Manha
2023060911,2023-06-09,11,2023,6,Junho,2,9,5,Sexta-feira,False,Almoco
2023060912,2023-06-09,12,2023,6,Junho,2,9,5,Sexta-feira,False,Almoco
2023060913,2023-06-09,13,2023,6,Junho,2,9,5,Sexta-feira,False,Almoco
2023060914,2023-06-09,14,2023,6,Junho,2,9,5,Sexta-feira,False,Almoco
2023060915,2023-06-09,15,2023,6,Junho,2,9,5,Sexta-feira,False,Tarde
2023060916,2023-06-09,16,2023,6,Junho,2,9,5,Sexta-feira,False,Tarde
2023060917,2023-06-09,17,2023,6,Junho,2,9,5,Sexta-feira,False,Tarde
2023060918,2023-06-09,18,2023,6,Junho,2,9,5,Sexta-feira,False,Tarde
2023060919,2023-06-09,19,2023,6,Junho,2,9,5,Sexta-feira,False,Noite
2023060920,2023-06-09,20,2023,6,Junho,2,9,5,Sexta-feira,False,Noite
2023061006,2023-06-10,6,2023,6,Junho,2,10,6,Sabado,True,Manha
2023061007,2023-06-10,7,2023,6,Junho,2,10,6,Sabado,True,Manha
2023061008,2023-06-10,8,2023,6,Junho,2,10,6,Sabado,True,Manha
2023061009,2023-06-10,9,2023,6,Junho,2,10,6,Sabado,True,Manha
2023061010,2023-06-10,10,2023,6,Junho,2,10,6,Sabado,True,Manha
2023061011,2023-06-10,11,2023,6,Junho,2,10,6,Sabado,True,Almoco
2023061012,2023-06-10,12,2023,6,Junho,2,10,6,Sabado,True,Almoco
2023061013,2023-06-10,13,2023,6,Junho,2,10,6,Sabado,True,Almoco
2023061014,2023-06-10,14,2023,6,Junho,2,10,6,Sabado,True,Almoco
2023061015,2023-06-10,15,2023,6,Junho,2,10,6,Sabado,True,Tarde
2023061016,2023-06-10,16,2023,6,Junho,2,10,6,Sabado,True,Tarde
2023061017,2023-06-10,17,2023,6,Junho,2,10,6,Sabado,True,Tarde
2023061018,2023-06-10,18,2023,6,Junho,2,10,6,Sabado,True,Tarde
2023061019,2023-06-10,19,2023,6,Junho,2,10,6,Sabado,True,Noite
2023061106,2023-06-11,6,2023,6,Junho,2,11,7,Domingo,True,Manha
2023061107,2023-06-11,7,2023,6,Junho,2,11,7,Domingo,True,Manha
2023061108,2023-06-11,8,2023,6,Junho,2,11,7,Domingo,True,Manha
2023061109,2023-06-11,9,2023,6,Junho,2,11,7,Domingo,True,Manha
2023061110,2023-06-11,10,2023,6,Junho,2,11,7,Domingo,True,Manha
2023061111,2023-06-11,11,2023,6,Junho,2,11,7,Domingo,True,Almoco
2023061112,2023-06-11,12,2023,6,Junho,2,11,7,Domingo,True,Almoco
2023061113,2023-06-11,13,2023,6,Junho,2,11,7,Domingo,True,Almoco
2023061114,2023-06-11,14,2023,6,Junho,2,11,7,Domingo,True,Almoco
2023061115,2023-06-11,15,2023,6,Junho,2,11,7,Domingo,True,Tarde
2023061116,2023-06-11,16,2023,6,Junho,2,11,7,Domingo,True,Tarde
2023061117,2023-06-11,17,2023,6,Junho,2,11,7,Domingo,True,Tarde
2023061118,2023-06-11,18,2023,6,Junho,2,11,7,Domingo,True,Tarde
2023061119,2023-06-11,19,2023,6,Junho,2,11,7,Domingo,True,Noite
2023061206,2023-06-12,6,2023,6,Junho,2,12,1,Segunda-feira,False,Manha
2023061207,2023-06-12,7,2023,6,Junho,2,12,1,Segunda-feira,False,Manha
2023061208,2023-06-12,8,2023,6,Junho,2,12,1,Segunda-feira,False,Manha
2023061209,2023-06-12,9,2023,6,Junho,2,12,1,Segunda-feira,False,Manha
2023061210,2023-06-12,10,2023,6,Junho,2,12,1,Segunda-feira,False,Manha
2023061211,2023-06-12,11,2023,6,Junho,2,12,1,Segunda-feira,False,Almoco
2023061212,2023-06-12,12,2023,6,Junho,2,12,1,Segunda-feira,False,Almoco
2023061213,2023-06-12,13,2023,6,Junho,2,12,1,Segunda-feira,False,Almoco
2023061214,2023-06-12,14,2023,6,Junho,2,12,1,Segunda-feira,False,Almoco
2023061215,2023-06-12,15,2023,6,Junho,2,12,1,Segunda-feira,False,Tarde
2023061216,2023-06-12,16,2023,6,Junho,2,12,1,Segunda-feira,False,Tarde
2023061217,2023-06-12,17,2023,6,Junho,2,12,1,Segunda-feira,False,Tarde
2023061218,2023-06-12,18,2023,6,Junho,2,12,1,Segunda-feira,False,Tarde
2023061219,2023-06-12,19,2023,6,Junho,2,12,1,Segunda-feira,False,Noite
2023061307,2023-06-13,7,2023,6,Junho,2,13,2,Terca-feira,False,Manha
2023061308,2023-06-13,8,2023,6,Junho,2,13,2,Terca-feira,False,Manha
2023061309,2023-06-13,9,2023,6,Junho,2,13,2,Terca-feira,False,Manha
2023061310,2023-06-13,10,2023,6,Junho,2,13,2,Terca-feira,False,Manha
2023061311,2023-06-13,11,2023,6,Junho,2,13,2,Terca-feira,False,Almoco
2023061312,2023-06-13,12,2023,6,Junho,2,13,2,Terca-feira,False,Almoco
2023061313,2023-06-13,13,2023,6,Junho,2,13,2,Terca-feira,False,Almoco
2023061314,2023-06-13,14,2023,6,Junho,2,13,2,Terca-feira,False,Almoco
2023061315,2023-06-13,15,2023,6,Junho,2,13,2,Terca-feira,False,Tarde
2023061316,2023-06-13,16,2023,6,Junho,2,13,2,Terca-feira,False,Tarde
2023061317,2023-06-13,17,2023,6,Junho,2,13,2,Terca-feira,False,Tarde
2023061318,2023-06-13,18,2023,6,Junho,2,13,2,Terca-feira,False,Tarde
2023061319,2023-06-13,19,2023,6,Junho,2,13,2,Terca-feira,False,Noite
2023061320,2023-06-13,20,2023,6,Junho,2,13,2,Terca-feira,False,Noite
2023061407,2023-06-14,7,2023,6,Junho,2,14,3,Quarta-feira,False,Manha
2023061408,2023-06-14,8,2023,6,Junho,2,14,3,Quarta-feira,False,Manha
2023061409,2023-06-14,9,2023,6,Junho,2,14,3,Quarta-feira,False,Manha
2023061410,2023-06-14,10,2023,6,Junho,2,14,3,Quarta-feira,False,Manha
2023061411,2023-06-14,11,2023,6,Junho,2,14,3,Quarta-feira,False,Almoco
2023061412,2023-06-14,12,2023,6,Junho,2,14,3,Quarta-feira,False,Almoco
2023061413,2023-06-14,13,2023,6,Junho,2,14,3,Quarta-feira,False,Almoco
2023061414,2023-06-14,14,2023,6,Junho,2,14,3,Quarta-feira,False,Almoco
2023061415,2023-06-14,15,2023,6,Junho,2,14,3,Quarta-feira,False,Tarde
2023061416,2023-06-14,16,2023,6,Junho,2,14,3,Quarta-feira,False,Tarde
2023061417,2023-06-14,17,2023,6,Junho,2,14,3,Quarta-feira,False,Tarde
2023061418,2023-06-14,18,2023,6,Junho,2,14,3,Quarta-feira,False,Tarde
2023061419,2023-06-14,19,2023,6,Junho,2,14,3,Quarta-feira,False,Noite
2023061420,2023-06-14,20,2023,6,Junho,2,14,3,Quarta-feira,False,Noite
2023061506,2023-06-15,6,2023,6,Junho,2,15,4,Quinta-feira,False,Manha
2023061507,2023-06-15,7,2023,6,Junho,2,15,4,Quinta-feira,False,Manha
2023061508,2023-06-15,8,2023,6,Junho,2,15,4,Quinta-feira,False,Manha
2023061509,2023-06-15,9,2023,6,Junho,2,15,4,Quinta-feira,False,Manha
2023061510,2023-06-15,10,2023,6,Junho,2,15,4,Quinta-feira,False,Manha
2023061511,2023-06-15,11,2023,6,Junho,2,15,4,Quinta-feira,False,Almoco
2023061512,2023-06-15,12,2023,6,Junho,2,15,4,Quinta-feira,False,Almoco
2023061513,2023-06-15,13,2023,6,Junho,2,15,4,Quinta-feira,False,Almoco
2023061514,2023-06-15,14,2023,6,Junho,2,15,4,Quinta-feira,False,Almoco
2023061515,2023-06-15,15,2023,6,Junho,2,15,4,Quinta-feira,False,Tarde
2023061516,2023-06-15,16,2023,6,Junho,2,15,4,Quinta-feira,False,Tarde
2023061517,2023-06-15,17,2023,6,Junho,2,15,4,Quinta-feira,False,Tarde
2023061518,2023-06-15,18,2023,6,Junho,2,15,4,Quinta-feira,False,Tarde
2023061519,2023-06-15,19,2023,6,Junho,2,15,4,Quinta-feira,False,Noite
2023061606,2023-06-16,6,2023,6,Junho,2,16,5,Sexta-feira,False,Manha
2023061607,2023-06-16,7,2023,6,Junho,2,16,5,Sexta-feira,False,Manha
2023061608,2023-06-16,8,2023,6,Junho,2,16,5,Sexta-feira,False,Manha
2023061609,2023-06-16,9,2023,6,Junho,2,16,5,Sexta-feira,False,Manha
2023061610,2023-06-16,10,2023,6,Junho,2,16,5,Sexta-feira,False,Manha
2023061611,2023-06-16,11,2023,6,Junho,2,16,5,Sexta-feira,False,Almoco
2023061612,2023-06-16,12,2023,6,Junho,2,16,5,Sexta-feira,False,Almoco
2023061613,2023-06-16,13,2023,6,Junho,2,16,5,Sexta-feira,False,Almoco
2023061614,2023-06-16,14,2023,6,Junho,2,16,5,Sexta-feira,False,Almoco
2023061615,2023-06-16,15,2023,6,Junho,2,16,5,Sexta-feira,False,Tarde
2023061616,2023-06-16,16,2023,6,Junho,2,16,5,Sexta-feira,False,Tarde
2023061617,2023-06-16,17,2023,6,Junho,2,16,5,Sexta-feira,False,Tarde
2023061618,2023-06-16,18,2023,6,Junho,2,16,5,Sexta-feira,False,Tarde
2023061619,2023-06-16,19,2023,6,Junho,2,16,5,Sexta-feira,False,Noite
2023061706,2023-06-17,6,2023,6,Junho,2,17,6,Sabado,True,Manha
2023061707,2023-06-17,7,2023,6,Junho,2,17,6,Sabado,True,Manha
2023061708,2023-06-17,8,2023,6,Junho,2,17,6,Sabado,True,Manha
2023061709,2023-06-17,9,2023,6,Junho,2,17,6,Sabado,True,Manha
2023061710,2023-06-17,10,2023,6,Junho,2,17,6,Sabado,True,Manha
2023061711,2023-06-17,11,2023,6,Junho,2,17,6,Sabado,True,Almoco
2023061712,2023-06-17,12,2023,6,Junho,2,17,6,Sabado,True,Almoco
2023061713,2023-06-17,13,2023,6,Junho,2,17,6,Sabado,True,Almoco
2023061714,2023-06-17,14,2023,6,Junho,2,17,6,Sabado,True,Almoco
2023061715,2023-06-17,15,2023,6,Junho,2,17,6,Sabado,True,Tarde
2023061716,2023-06-17,16,2023,6,Junho,2,17,6,Sabado,True,Tarde
2023061717,2023-06-17,17,2023,6,Junho,2,17,6,Sabado,True,Tarde
2023061718,2023-06-17,18,2023,6,Junho,2,17,6,Sabado,True,Tarde
2023061719,2023-06-17,19,2023,6,Junho,2,17,6,Sabado,True,Noite
2023061806,2023-06-18,6,2023,6,Junho,2,18,7,Domingo,True,Manha
2023061807,2023-06-18,7,2023,6,Junho,2,18,7,Domingo,True,Manha
2023061808,2023-06-18,8,2023,6,Junho,2,18,7,Domingo,True,Manha
2023061809,2023-06-18,9,2023,6,Junho,2,18,7,Domingo,True,Manha
2023061810,2023-06-18,10,2023,6,Junho,2,18,7,Domingo,True,Manha
2023061811,2023-06-18,11,2023,6,Junho,2,18,7,Domingo,True,Almoco
2023061812,2023-06-18,12,2023,6,Junho,2,18,7,Domingo,True,Almoco
2023061813,2023-06-18,13,2023,6,Junho,2,18,7,Domingo,True,Almoco
2023061814,2023-06-18,14,2023,6,Junho,2,18,7,Domingo,True,Almoco
2023061815,2023-06-18,15,2023,6,Junho,2,18,7,Domingo,True,Tarde
2023061816,2023-06-18,16,2023,6,Junho,2,18,7,Domingo,True,Tarde
2023061817,2023-06-18,17,2023,6,Junho,2,18,7,Domingo,True,Tarde
2023061818,2023-06-18,18,2023,6,Junho,2,18,7,Domingo,True,Tarde
2023061819,2023-06-18,19,2023,6,Junho,2,18,7,Domingo,True,Noite
2023061906,2023-06-19,6,2023,6,Junho,2,19,1,Segunda-feira,False,Manha
2023061907,2023-06-19,7,2023,6,Junho,2,19,1,Segunda-feira,False,Manha
2023061908,2023-06-19,8,2023,6,Junho,2,19,1,Segunda-feira,False,Manha
2023061909,2023-06-19,9,2023,6,Junho,2,19,1,Segunda-feira,False,Manha
2023061910,2023-06-19,10,2023,6,Junho,2,19,1,Segunda-feira,False,Manha
2023061911,2023-06-19,11,2023,6,Junho,2,19,1,Segunda-feira,False,Almoco
2023061912,2023-06-19,12,2023,6,Junho,2,19,1,Segunda-feira,False,Almoco
2023061913,2023-06-19,13,2023,6,Junho,2,19,1,Segunda-feira,False,Almoco
2023061914,2023-06-19,14,2023,6,Junho,2,19,1,Segunda-feira,False,Almoco
2023061915,2023-06-19,15,2023,6,Junho,2,19,1,Segunda-feira,False,Tarde
2023061916,2023-06-19,16,2023,6,Junho,2,19,1,Segunda-feira,False,Tarde
2023061917,2023-06-19,17,2023,6,Junho,2,19,1,Segunda-feira,False,Tarde
2023061918,2023-06-19,18,2023,6,Junho,2,19,1,Segunda-feira,False,Tarde
2023061919,2023-06-19,19,2023,6,Junho,2,19,1,Segunda-feira,False,Noite
2023062007,2023-06-20,7,2023,6,Junho,2,20,2,Terca-feira,False,Manha
2023062008,2023-06-20,8,2023,6,Junho,2,20,2,Terca-feira,False,Manha
2023062009,2023-06-20,9,2023,6,Junho,2,20,2,Terca-feira,False,Manha
2023062010,2023-06-20,10,2023,6,Junho,2,20,2,Terca-feira,False,Manha
2023062011,2023-06-20,11,2023,6,Junho,2,20,2,Terca-feira,False,Almoco
2023062012,2023-06-20,12,2023,6,Junho,2,20,2,Terca-feira,False,Almoco
2023062013,2023-06-20,13,2023,6,Junho,2,20,2,Terca-feira,False,Almoco
2023062014,2023-06-20,14,2023,6,Junho,2,20,2,Terca-feira,False,Almoco
2023062015,2023-06-20,15,2023,6,Junho,2,20,2,Terca-feira,False,Tarde
2023062016,2023-06-20,16,2023,6,Junho,2,20,2,Terca-feira,False,Tarde
2023062017,2023-06-20,17,2023,6,Junho,2,20,2,Terca-feira,False,Tarde
2023062018,2023-06-20,18,2023,6,Junho,2,20,2,Terca-feira,False,Tarde
2023062019,2023-06-20,19,2023,6,Junho,2,20,2,Terca-feira,False,Noite
2023062020,2023-06-20,20,2023,6,Junho,2,20,2,Terca-feira,False,Noite
2023062107,2023-06-21,7,2023,6,Junho,2,21,3,Quarta-feira,False,Manha
2023062108,2023-06-21,8,2023,6,Junho,2,21,3,Quarta-feira,False,Manha
2023062109,2023-06-21,9,2023,6,Junho,2,21,3,Quarta-feira,False,Manha
2023062110,2023-06-21,10,2023,6,Junho,2,21,3,Quarta-feira,False,Manha
2023062111,2023-06-21,11,2023,6,Junho,2,21,3,Quarta-feira,False,Almoco
2023062112,2023-06-21,12,2023,6,Junho,2,21,3,Quarta-feira,False,Almoco
2023062113,2023-06-21,13,2023,6,Junho,2,21,3,Quarta-feira,False,Almoco
2023062114,2023-06-21,14,2023,6,Junho,2,21,3,Quarta-feira,False,Almoco
2023062115,2023-06-21,15,2023,6,Junho,2,21,3,Quarta-feira,False,Tarde
2023062116,2023-06-21,16,2023,6,Junho,2,21,3,Quarta-feira,False,Tarde
2023062117,2023-06-21,17,2023,6,Junho,2,21,3,Quarta-feira,False,Tarde
2023062118,2023-06-21,18,2023,6,Junho,2,21,3,Quarta-feira,False,Tarde
2023062119,2023-06-21,19,2023,6,Junho,2,21,3,Quarta-feira,False,Noite
2023062120,2023-06-21,20,2023,6,Junho,2,21,3,Quarta-feira,False,Noite
2023062206,2023-06-22,6,2023,6,Junho,2,22,4,Quinta-feira,False,Manha
2023062207,2023-06-22,7,2023,6,Junho,2,22,4,Quinta-feira,False,Manha
2023062208,2023-06-22,8,2023,6,Junho,2,22,4,Quinta-feira,False,Manha
2023062209,2023-06-22,9,2023,6,Junho,2,22,4,Quinta-feira,False,Manha
2023062210,2023-06-22,10,2023,6,Junho,2,22,4,Quinta-feira,False,Manha
2023062211,2023-06-22,11,2023,6,Junho,2,22,4,Quinta-feira,False,Almoco
2023062212,2023-06-22,12,2023,6,Junho,2,22,4,Quinta-feira,False,Almoco
2023062213,2023-06-22,13,2023,6,Junho,2,22,4,Quinta-feira,False,Almoco
2023062214,2023-06-22,14,2023,6,Junho,2,22,4,Quinta-feira,False,Almoco
2023062215,2023-06-22,15,2023,6,Junho,2,22,4,Quinta-feira,False,Tarde
2023062216,2023-06-22,16,2023,6,Junho,2,22,4,Quinta-feira,False,Tarde
2023062217,2023-06-22,17,2023,6,Junho,2,22,4,Quinta-feira,False,Tarde
2023062218,2023-06-22,18,2023,6,Junho,2,22,4,Quinta-feira,False,Tarde
2023062219,2023-06-22,19,2023,6,Junho,2,22,4,Quinta-feira,False,Noite
2023062306,2023-06-23,6,2023,6,Junho,2,23,5,Sexta-feira,False,Manha
2023062307,2023-06-23,7,2023,6,Junho,2,23,5,Sexta-feira,False,Manha
2023062308,2023-06-23,8,2023,6,Junho,2,23,5,Sexta-feira,False,Manha
2023062309,2023-06-23,9,2023,6,Junho,2,23,5,Sexta-feira,False,Manha
2023062310,2023-06-23,10,2023,6,Junho,2,23,5,Sexta-feira,False,Manha
2023062311,2023-06-23,11,2023,6,Junho,2,23,5,Sexta-feira,False,Almoco
2023062312,2023-06-23,12,2023,6,Junho,2,23,5,Sexta-feira,False,Almoco
2023062313,2023-06-23,13,2023,6,Junho,2,23,5,Sexta-feira,False,Almoco
2023062314,2023-06-23,14,2023,6,Junho,2,23,5,Sexta-feira,False,Almoco
2023062315,2023-06-23,15,2023,6,Junho,2,23,5,Sexta-feira,False,Tarde
2023062316,2023-06-23,16,2023,6,Junho,2,23,5,Sexta-feira,False,Tarde
2023062317,2023-06-23,17,2023,6,Junho,2,23,5,Sexta-feira,False,Tarde
2023062318,2023-06-23,18,2023,6,Junho,2,23,5,Sexta-feira,False,Tarde
2023062319,2023-06-23,19,2023,6,Junho,2,23,5,Sexta-feira,False,Noite
2023062406,2023-06-24,6,2023,6,Junho,2,24,6,Sabado,True,Manha
2023062407,2023-06-24,7,2023,6,Junho,2,24,6,Sabado,True,Manha
2023062408,2023-06-24,8,2023,6,Junho,2,24,6,Sabado,True,Manha
2023062409,2023-06-24,9,2023,6,Junho,2,24,6,Sabado,True,Manha
2023062410,2023-06-24,10,2023,6,Junho,2,24,6,Sabado,True,Manha
2023062411,2023-06-24,11,2023,6,Junho,2,24,6,Sabado,True,Almoco
2023062412,2023-06-24,12,2023,6,Junho,2,24,6,Sabado,True,Almoco
2023062413,2023-06-24,13,2023,6,Junho,2,24,6,Sabado,True,Almoco
2023062414,2023-06-24,14,2023,6,Junho,2,24,6,Sabado,True,Almoco
2023062415,2023-06-24,15,2023,6,Junho,2,24,6,Sabado,True,Tarde
2023062416,2023-06-24,16,2023,6,Junho,2,24,6,Sabado,True,Tarde
2023062417,2023-06-24,17,2023,6,Junho,2,24,6,Sabado,True,Tarde
2023062418,2023-06-24,18,2023,6,Junho,2,24,6,Sabado,True,Tarde
2023062419,2023-06-24,19,2023,6,Junho,2,24,6,Sabado,True,Noite
2023062506,2023-06-25,6,2023,6,Junho,2,25,7,Domingo,True,Manha
2023062507,2023-06-25,7,2023,6,Junho,2,25,7,Domingo,True,Manha
2023062508,2023-06-25,8,2023,6,Junho,2,25,7,Domingo,True,Manha
2023062509,2023-06-25,9,2023,6,Junho,2,25,7,Domingo,True,Manha
2023062510,2023-06-25,10,2023,6,Junho,2,25,7,Domingo,True,Manha
2023062511,2023-06-25,11,2023,6,Junho,2,25,7,Domingo,True,Almoco
2023062512,2023-06-25,12,2023,6,Junho,2,25,7,Domingo,True,Almoco
2023062513,2023-06-25,13,2023,6,Junho,2,25,7,Domingo,True,Almoco
2023062514,2023-06-25,14,2023,6,Junho,2,25,7,Domingo,True,Almoco
2023062515,2023-06-25,15,2023,6,Junho,2,25,7,Domingo,True,Tarde
2023062516,2023-06-25,16,2023,6,Junho,2,25,7,Domingo,True,Tarde
2023062517,2023-06-25,17,2023,6,Junho,2,25,7,Domingo,True,Tarde
2023062518,2023-06-25,18,2023,6,Junho,2,25,7,Domingo,True,Tarde
2023062519,2023-06-25,19,2023,6,Junho,2,25,7,Domingo,True,Noite
2023062606,2023-06-26,6,2023,6,Junho,2,26,1,Segunda-feira,False,Manha
2023062607,2023-06-26,7,2023,6,Junho,2,26,1,Segunda-feira,False,Manha
2023062608,2023-06-26,8,2023,6,Junho,2,26,1,Segunda-feira,False,Manha
2023062609,2023-06-26,9,2023,6,Junho,2,26,1,Segunda-feira,False,Manha
2023062610,2023-06-26,10,2023,6,Junho,2,26,1,Segunda-feira,False,Manha
2023062611,2023-06-26,11,2023,6,Junho,2,26,1,Segunda-feira,False,Almoco
2023062612,2023-06-26,12,2023,6,Junho,2,26,1,Segunda-feira,False,Almoco
2023062613,2023-06-26,13,2023,6,Junho,2,26,1,Segunda-feira,False,Almoco
2023062614,2023-06-26,14,2023,6,Junho,2,26,1,Segunda-feira,False,Almoco
2023062615,2023-06-26,15,2023,6,Junho,2,26,1,Segunda-feira,False,Tarde
2023062616,2023-06-26,16,2023,6,Junho,2,26,1,Segunda-feira,False,Tarde
2023062617,2023-06-26,17,2023,6,Junho,2,26,1,Segunda-feira,False,Tarde
2023062618,2023-06-26,18,2023,6,Junho,2,26,1,Segunda-feira,False,Tarde
2023062619,2023-06-26,19,2023,6,Junho,2,26,1,Segunda-feira,False,Noite
2023062707,2023-06-27,7,2023,6,Junho,2,27,2,Terca-feira,False,Manha
2023062708,2023-06-27,8,2023,6,Junho,2,27,2,Terca-feira,False,Manha
2023062709,2023-06-27,9,2023,6,Junho,2,27,2,Terca-feira,False,Manha
2023062710,2023-06-27,10,2023,6,Junho,2,27,2,Terca-feira,False,Manha
2023062711,2023-06-27,11,2023,6,Junho,2,27,2,Terca-feira,False,Almoco
2023062712,2023-06-27,12,2023,6,Junho,2,27,2,Terca-feira,False,Almoco
2023062713,2023-06-27,13,2023,6,Junho,2,27,2,Terca-feira,False,Almoco
2023062714,2023-06-27,14,2023,6,Junho,2,27,2,Terca-feira,False,Almoco
2023062715,2023-06-27,15,2023,6,Junho,2,27,2,Terca-feira,False,Tarde
2023062716,2023-06-27,16,2023,6,Junho,2,27,2,Terca-feira,False,Tarde
2023062717,2023-06-27,17,2023,6,Junho,2,27,2,Terca-feira,False,Tarde
2023062718,2023-06-27,18,2023,6,Junho,2,27,2,Terca-feira,False,Tarde
2023062719,2023-06-27,19,2023,6,Junho,2,27,2,Terca-feira,False,Noite
2023062720,2023-06-27,20,2023,6,Junho,2,27,2,Terca-feira,False,Noite
2023062807,2023-06-28,7,2023,6,Junho,2,28,3,Quarta-feira,False,Manha
2023062808,2023-06-28,8,2023,6,Junho,2,28,3,Quarta-feira,False,Manha
2023062809,2023-06-28,9,2023,6,Junho,2,28,3,Quarta-feira,False,Manha
2023062810,2023-06-28,10,2023,6,Junho,2,28,3,Quarta-feira,False,Manha
2023062811,2023-06-28,11,2023,6,Junho,2,28,3,Quarta-feira,False,Almoco
2023062812,2023-06-28,12,2023,6,Junho,2,28,3,Quarta-feira,False,Almoco
2023062813,2023-06-28,13,2023,6,Junho,2,28,3,Quarta-feira,False,Almoco
2023062814,2023-06-28,14,2023,6,Junho,2,28,3,Quarta-feira,False,Almoco
2023062815,2023-06-28,15,2023,6,Junho,2,28,3,Quarta-feira,False,Tarde
2023062816,2023-06-28,16,2023,6,Junho,2,28,3,Quarta-feira,False,Tarde
2023062817,2023-06-28,17,2023,6,Junho,2,28,3,Quarta-feira,False,Tarde
2023062818,2023-06-28,18,2023,6,Junho,2,28,3,Quarta-feira,False,Tarde
2023062819,2023-06-28,19,2023,6,Junho,2,28,3,Quarta-feira,False,Noite
2023062907,2023-06-29,7,2023,6,Junho,2,29,4,Quinta-feira,False,Manha
2023062908,2023-06-29,8,2023,6,Junho,2,29,4,Quinta-feira,False,Manha
2023062909,2023-06-29,9,2023,6,Junho,2,29,4,Quinta-feira,False,Manha
2023062910,2023-06-29,10,2023,6,Junho,2,29,4,Quinta-feira,False,Manha
2023062911,2023-06-29,11,2023,6,Junho,2,29,4,Quinta-feira,False,Almoco
2023062912,2023-06-29,12,2023,6,Junho,2,29,4,Quinta-feira,False,Almoco
2023062913,2023-06-29,13,2023,6,Junho,2,29,4,Quinta-feira,False,Almoco
2023062914,2023-06-29,14,2023,6,Junho,2,29,4,Quinta-feira,False,Almoco
2023062915,2023-06-29,15,2023,6,Junho,2,29,4,Quinta-feira,False,Tarde
2023062916,2023-06-29,16,2023,6,Junho,2,29,4,Quinta-feira,False,Tarde
2023062917,2023-06-29,17,2023,6,Junho,2,29,4,Quinta-feira,False,Tarde
2023062918,2023-06-29,18,2023,6,Junho,2,29,4,Quinta-feira,False,Tarde
2023062919,2023-06-29,19,2023,6,Junho,2,29,4,Quinta-feira,False,Noite
2023063006,2023-06-30,6,2023,6,Junho,2,30,5,Sexta-feira,False,Manha
2023063007,2023-06-30,7,2023,6,Junho,2,30,5,Sexta-feira,False,Manha
2023063008,2023-06-30,8,2023,6,Junho,2,30,5,Sexta-feira,False,Manha
2023063009,2023-06-30,9,2023,6,Junho,2,30,5,Sexta-feira,False,Manha
2023063010,2023-06-30,10,2023,6,Junho,2,30,5,Sexta-feira,False,Manha
2023063011,2023-06-30,11,2023,6,Junho,2,30,5,Sexta-feira,False,Almoco
2023063012,2023-06-30,12,2023,6,Junho,2,30,5,Sexta-feira,False,Almoco
2023063013,2023-06-30,13,2023,6,Junho,2,30,5,Sexta-feira,False,Almoco
2023063014,2023-06-30,14,2023,6,Junho,2,30,5,Sexta-feira,False,Almoco
2023063015,2023-06-30,15,2023,6,Junho,2,30,5,Sexta-feira,False,Tarde
2023063016,2023-06-30,16,2023,6,Junho,2,30,5,Sexta-feira,False,Tarde
2023063017,2023-06-30,17,2023,6,Junho,2,30,5,Sexta-feira,False,Tarde
2023063018,2023-06-30,18,2023,6,Junho,2,30,5,Sexta-feira,False,Tarde
2023063019,2023-06-30,19,2023,6,Junho,2,30,5,Sexta-feira,False,Noite
2023063020,2023-06-30,20,2023,6,Junho,2,30,5,Sexta-feira,False,Noite
